# Blender 5.1.1
# www.blender.org
mtllib etihadia 3D logo.mtl
o Cylinder.001
v 1.147921 4.681973 0.377343
v 1.202938 4.688815 0.428409
v 1.126338 4.733040 0.428409
v 1.168370 4.683543 0.381230
v 1.186006 4.685394 0.392300
v 1.139056 4.700467 0.381230
v 1.159818 4.702580 0.385921
v 1.174636 4.703136 0.394897
v 1.165778 4.712903 0.398926
v 1.189885 4.706788 0.428409
v 1.170744 4.721504 0.428409
v 1.198144 4.687245 0.408867
v 1.184011 4.705589 0.408377
v 1.168509 4.717633 0.409394
v 1.127375 4.728104 0.408867
v 1.131841 4.716666 0.392300
v 1.148429 4.730722 0.428409
v 1.150327 4.725036 0.408377
v 1.152891 4.715691 0.394897
v 1.147921 4.681973 0.874442
v 1.126338 4.733040 0.823375
v 1.202938 4.688815 0.823375
v 1.139056 4.700467 0.870554
v 1.131841 4.716666 0.859485
v 1.168370 4.683543 0.870554
v 1.159818 4.702580 0.865863
v 1.152891 4.715691 0.856888
v 1.165778 4.712903 0.852858
v 1.148429 4.730722 0.823375
v 1.170744 4.721504 0.823375
v 1.127375 4.728104 0.842917
v 1.150327 4.725036 0.843407
v 1.168509 4.717633 0.842391
v 1.198145 4.687245 0.842917
v 1.186006 4.685394 0.859485
v 1.189885 4.706788 0.823375
v 1.184011 4.705589 0.843407
v 1.174636 4.703136 0.856888
v 1.618438 3.867015 0.377343
v 1.651871 3.822790 0.428409
v 1.651871 3.911240 0.428409
v 1.630021 3.850091 0.381230
v 1.640443 3.835743 0.392300
v 1.630021 3.883939 0.381230
v 1.642232 3.867015 0.385921
v 1.650123 3.854460 0.394897
v 1.654152 3.867015 0.398926
v 1.660910 3.843081 0.428409
v 1.664083 3.867015 0.428409
v 1.648115 3.826156 0.408867
v 1.656934 3.847568 0.408377
v 1.659614 3.867015 0.409394
v 1.648115 3.907874 0.408867
v 1.640442 3.898287 0.392300
v 1.660910 3.890949 0.428409
v 1.656934 3.886462 0.408377
v 1.650123 3.879570 0.394897
v 1.618438 3.867015 0.874442
v 1.651871 3.911240 0.823375
v 1.651871 3.822790 0.823375
v 1.630021 3.883939 0.870554
v 1.640442 3.898287 0.859485
v 1.630021 3.850091 0.870554
v 1.642232 3.867015 0.865863
v 1.650123 3.879570 0.856888
v 1.654152 3.867015 0.852858
v 1.660910 3.890949 0.823375
v 1.664083 3.867015 0.823375
v 1.648115 3.907874 0.842917
v 1.656934 3.886462 0.843407
v 1.659614 3.867015 0.842391
v 1.648115 3.826156 0.842917
v 1.640443 3.835743 0.859485
v 1.660910 3.843081 0.823375
v 1.656934 3.847568 0.843407
v 1.650123 3.854460 0.856888
v 1.147921 3.052056 0.377343
v 1.126338 3.000989 0.428409
v 1.202938 3.045215 0.428409
v 1.139056 3.033563 0.381230
v 1.131841 3.017364 0.392300
v 1.168370 3.050487 0.381230
v 1.159818 3.031449 0.385921
v 1.152891 3.018339 0.394897
v 1.165778 3.021127 0.398926
v 1.148429 3.003307 0.428409
v 1.170744 3.012526 0.428409
v 1.127375 3.005925 0.408867
v 1.150327 3.008993 0.408377
v 1.168509 3.016397 0.409394
v 1.198144 3.046784 0.408867
v 1.186006 3.048635 0.392300
v 1.189885 3.027242 0.428409
v 1.184011 3.028441 0.408377
v 1.174636 3.030893 0.394897
v 1.147921 3.052056 0.874442
v 1.202938 3.045215 0.823375
v 1.126338 3.000989 0.823375
v 1.168370 3.050487 0.870555
v 1.186006 3.048635 0.859485
v 1.139056 3.033563 0.870555
v 1.159818 3.031449 0.865863
v 1.174636 3.030893 0.856888
v 1.165778 3.021127 0.852858
v 1.189885 3.027242 0.823375
v 1.170744 3.012526 0.823375
v 1.198144 3.046784 0.842917
v 1.184011 3.028441 0.843407
v 1.168509 3.016397 0.842391
v 1.127375 3.005925 0.842917
v 1.131841 3.017364 0.859485
v 1.148429 3.003307 0.823375
v 1.150327 3.008993 0.843407
v 1.152891 3.018339 0.856888
v 0.206888 3.052056 0.377343
v 0.151871 3.045215 0.428409
v 0.228471 3.000989 0.428409
v 0.186439 3.050487 0.381230
v 0.168803 3.048635 0.392300
v 0.215753 3.033563 0.381230
v 0.194991 3.031450 0.385921
v 0.180173 3.030894 0.394897
v 0.189031 3.021127 0.398926
v 0.164924 3.027242 0.428409
v 0.184065 3.012526 0.428409
v 0.156665 3.046784 0.408867
v 0.170798 3.028441 0.408377
v 0.186300 3.016397 0.409394
v 0.227434 3.005925 0.408867
v 0.222968 3.017364 0.392300
v 0.206380 3.003307 0.428409
v 0.204482 3.008994 0.408377
v 0.201918 3.018339 0.394897
v 0.206888 3.052056 0.874442
v 0.228471 3.000989 0.823375
v 0.151871 3.045215 0.823375
v 0.215753 3.033563 0.870555
v 0.222968 3.017364 0.859485
v 0.186439 3.050487 0.870555
v 0.194991 3.031450 0.865863
v 0.201918 3.018339 0.856888
v 0.189031 3.021127 0.852858
v 0.206380 3.003307 0.823375
v 0.184065 3.012526 0.823375
v 0.227434 3.005925 0.842917
v 0.204482 3.008994 0.843407
v 0.186300 3.016397 0.842391
v 0.156664 3.046784 0.842917
v 0.168803 3.048635 0.859485
v 0.164924 3.027242 0.823375
v 0.170798 3.028441 0.843407
v 0.180173 3.030894 0.856888
v -0.263629 3.867015 0.377343
v -0.297062 3.911240 0.428409
v -0.297062 3.822790 0.428409
v -0.275212 3.883939 0.381230
v -0.285634 3.898287 0.392300
v -0.275212 3.850091 0.381230
v -0.287423 3.867015 0.385921
v -0.295314 3.879570 0.394897
v -0.299343 3.867015 0.398926
v -0.306101 3.890949 0.428409
v -0.309274 3.867015 0.428409
v -0.293306 3.907874 0.408867
v -0.302125 3.886462 0.408377
v -0.304805 3.867015 0.409394
v -0.293306 3.826156 0.408867
v -0.285633 3.835743 0.392300
v -0.306101 3.843080 0.428409
v -0.302125 3.847567 0.408377
v -0.295314 3.854460 0.394897
v -0.263629 3.867015 0.874442
v -0.297062 3.822790 0.823375
v -0.297062 3.911240 0.823375
v -0.275212 3.850091 0.870555
v -0.285633 3.835743 0.859485
v -0.275212 3.883939 0.870555
v -0.287423 3.867015 0.865863
v -0.295314 3.854460 0.856888
v -0.299343 3.867015 0.852858
v -0.306101 3.843081 0.823375
v -0.309274 3.867015 0.823375
v -0.293306 3.826156 0.842917
v -0.302125 3.847567 0.843407
v -0.304805 3.867015 0.842391
v -0.293306 3.907874 0.842917
v -0.285634 3.898287 0.859485
v -0.306101 3.890949 0.823375
v -0.302125 3.886462 0.843407
v -0.295314 3.879570 0.856888
v 0.206888 4.681973 0.377343
v 0.228471 4.733040 0.428409
v 0.151871 4.688815 0.428409
v 0.215753 4.700467 0.381230
v 0.222968 4.716666 0.392300
v 0.186439 4.683543 0.381230
v 0.194991 4.702580 0.385921
v 0.201918 4.715691 0.394897
v 0.189031 4.712903 0.398926
v 0.206380 4.730722 0.428409
v 0.184065 4.721504 0.428409
v 0.227434 4.728105 0.408867
v 0.204482 4.725036 0.408377
v 0.186300 4.717633 0.409394
v 0.156665 4.687246 0.408867
v 0.168803 4.685394 0.392300
v 0.164924 4.706788 0.428409
v 0.170798 4.705589 0.408377
v 0.180173 4.703136 0.394897
v 0.206888 4.681973 0.874442
v 0.151871 4.688815 0.823375
v 0.228471 4.733040 0.823375
v 0.186439 4.683543 0.870554
v 0.168803 4.685394 0.859485
v 0.215753 4.700467 0.870554
v 0.194991 4.702580 0.865863
v 0.180173 4.703136 0.856888
v 0.189031 4.712903 0.852858
v 0.164924 4.706788 0.823375
v 0.184065 4.721504 0.823375
v 0.156665 4.687246 0.842917
v 0.170798 4.705589 0.843407
v 0.186300 4.717633 0.842391
v 0.227434 4.728105 0.842917
v 0.222968 4.716666 0.859485
v 0.206380 4.730722 0.823375
v 0.204482 4.725036 0.843407
v 0.201918 4.715691 0.856888
v 1.147921 4.681973 0.377343
v 1.126338 4.733040 0.428409
v 1.202938 4.688815 0.428409
v 1.139056 4.700467 0.381230
v 1.131841 4.716666 0.392300
v 1.168370 4.683543 0.381230
v 1.159818 4.702580 0.385921
v 1.152891 4.715691 0.394897
v 1.165778 4.712903 0.398926
v 1.148429 4.730722 0.428409
v 1.170744 4.721504 0.428409
v 1.127375 4.728104 0.408867
v 1.150327 4.725036 0.408377
v 1.168509 4.717633 0.409394
v 1.198145 4.687245 0.408867
v 1.186006 4.685394 0.392300
v 1.189885 4.706788 0.428409
v 1.184011 4.705589 0.408377
v 1.174636 4.703136 0.394897
v 1.147921 4.681973 0.874442
v 1.202938 4.688815 0.823375
v 1.126338 4.733040 0.823375
v 1.168370 4.683543 0.870554
v 1.186006 4.685394 0.859485
v 1.139056 4.700467 0.870554
v 1.159818 4.702580 0.865863
v 1.174636 4.703136 0.856888
v 1.165778 4.712903 0.852858
v 1.189885 4.706788 0.823375
v 1.170744 4.721504 0.823375
v 1.198144 4.687245 0.842917
v 1.184011 4.705589 0.843407
v 1.168509 4.717633 0.842391
v 1.127375 4.728104 0.842917
v 1.131841 4.716666 0.859485
v 1.148429 4.730722 0.823375
v 1.150327 4.725036 0.843407
v 1.152891 4.715691 0.856888
v 1.618438 3.867015 0.377343
v 1.651871 3.911240 0.428409
v 1.651871 3.822790 0.428409
v 1.630021 3.883939 0.381230
v 1.640442 3.898287 0.392300
v 1.630021 3.850091 0.381230
v 1.642232 3.867015 0.385921
v 1.650123 3.879570 0.394897
v 1.654152 3.867015 0.398926
v 1.660910 3.890949 0.428409
v 1.664083 3.867015 0.428409
v 1.648115 3.907874 0.408867
v 1.656934 3.886462 0.408377
v 1.659614 3.867015 0.409394
v 1.648115 3.826156 0.408867
v 1.640443 3.835743 0.392300
v 1.660910 3.843081 0.428409
v 1.656934 3.847568 0.408377
v 1.650123 3.854460 0.394897
v 1.618438 3.867015 0.874442
v 1.651871 3.822790 0.823375
v 1.651871 3.911240 0.823375
v 1.630021 3.850091 0.870554
v 1.640443 3.835743 0.859485
v 1.630021 3.883939 0.870554
v 1.642232 3.867015 0.865863
v 1.650123 3.854460 0.856888
v 1.654152 3.867015 0.852858
v 1.660910 3.843081 0.823375
v 1.664083 3.867015 0.823375
v 1.648115 3.826156 0.842917
v 1.656934 3.847568 0.843407
v 1.659614 3.867015 0.842391
v 1.648115 3.907874 0.842917
v 1.640442 3.898287 0.859485
v 1.660910 3.890949 0.823375
v 1.656934 3.886462 0.843407
v 1.650123 3.879570 0.856888
v 1.147921 3.052056 0.377343
v 1.202938 3.045215 0.428409
v 1.126338 3.000989 0.428409
v 1.168370 3.050487 0.381230
v 1.186006 3.048635 0.392300
v 1.139056 3.033563 0.381230
v 1.159818 3.031449 0.385921
v 1.174636 3.030893 0.394897
v 1.165778 3.021127 0.398926
v 1.189885 3.027242 0.428409
v 1.170744 3.012526 0.428409
v 1.198144 3.046784 0.408867
v 1.184011 3.028441 0.408377
v 1.168509 3.016397 0.409394
v 1.127375 3.005925 0.408867
v 1.131841 3.017364 0.392300
v 1.148429 3.003307 0.428409
v 1.150327 3.008993 0.408377
v 1.152891 3.018339 0.394897
v 1.147921 3.052056 0.874442
v 1.126338 3.000989 0.823375
v 1.202938 3.045215 0.823375
v 1.139056 3.033563 0.870555
v 1.131841 3.017364 0.859485
v 1.168370 3.050487 0.870555
v 1.159818 3.031449 0.865863
v 1.152891 3.018339 0.856888
v 1.165778 3.021127 0.852858
v 1.148429 3.003307 0.823375
v 1.170744 3.012526 0.823375
v 1.127375 3.005925 0.842917
v 1.150327 3.008993 0.843407
v 1.168509 3.016397 0.842391
v 1.198144 3.046784 0.842917
v 1.186006 3.048635 0.859485
v 1.189885 3.027242 0.823375
v 1.184011 3.028441 0.843407
v 1.174636 3.030893 0.856888
v 0.206888 3.052056 0.377343
v 0.228471 3.000989 0.428409
v 0.151871 3.045215 0.428409
v 0.215753 3.033563 0.381230
v 0.222968 3.017364 0.392300
v 0.186439 3.050487 0.381230
v 0.194991 3.031450 0.385921
v 0.201918 3.018339 0.394897
v 0.189031 3.021127 0.398926
v 0.206380 3.003307 0.428409
v 0.184065 3.012526 0.428409
v 0.227434 3.005925 0.408867
v 0.204482 3.008994 0.408377
v 0.186300 3.016397 0.409394
v 0.156664 3.046784 0.408867
v 0.168803 3.048635 0.392300
v 0.164924 3.027242 0.428409
v 0.170798 3.028441 0.408377
v 0.180173 3.030894 0.394897
v 0.206888 3.052056 0.874442
v 0.151871 3.045215 0.823375
v 0.228471 3.000989 0.823375
v 0.186439 3.050487 0.870555
v 0.168803 3.048635 0.859485
v 0.215753 3.033563 0.870555
v 0.194991 3.031450 0.865863
v 0.180173 3.030894 0.856888
v 0.189031 3.021127 0.852858
v 0.164924 3.027242 0.823375
v 0.184065 3.012526 0.823375
v 0.156665 3.046784 0.842917
v 0.170798 3.028441 0.843407
v 0.186300 3.016397 0.842391
v 0.227434 3.005925 0.842917
v 0.222968 3.017364 0.859485
v 0.206380 3.003307 0.823375
v 0.204482 3.008994 0.843407
v 0.201918 3.018339 0.856888
v -0.263629 3.867015 0.377343
v -0.297062 3.822790 0.428409
v -0.297062 3.911240 0.428409
v -0.275212 3.850091 0.381230
v -0.285633 3.835743 0.392300
v -0.275212 3.883939 0.381230
v -0.287423 3.867015 0.385921
v -0.295314 3.854460 0.394897
v -0.299343 3.867015 0.398926
v -0.306101 3.843080 0.428409
v -0.309274 3.867015 0.428409
v -0.293306 3.826156 0.408867
v -0.302125 3.847567 0.408377
v -0.304805 3.867015 0.409394
v -0.293306 3.907874 0.408867
v -0.285634 3.898287 0.392300
v -0.306101 3.890949 0.428409
v -0.302125 3.886462 0.408377
v -0.295314 3.879570 0.394897
v -0.263629 3.867015 0.874442
v -0.297062 3.911240 0.823375
v -0.297062 3.822790 0.823375
v -0.275212 3.883939 0.870555
v -0.285634 3.898287 0.859485
v -0.275212 3.850091 0.870555
v -0.287423 3.867015 0.865863
v -0.295314 3.879570 0.856888
v -0.299343 3.867015 0.852858
v -0.306101 3.890949 0.823375
v -0.309274 3.867015 0.823375
v -0.293306 3.907874 0.842917
v -0.302125 3.886462 0.843407
v -0.304805 3.867015 0.842391
v -0.293306 3.826156 0.842917
v -0.285633 3.835743 0.859485
v -0.306101 3.843081 0.823375
v -0.302125 3.847567 0.843407
v -0.295314 3.854460 0.856888
v 0.206888 4.681973 0.377343
v 0.151871 4.688815 0.428409
v 0.228471 4.733040 0.428409
v 0.186439 4.683543 0.381230
v 0.168803 4.685394 0.392300
v 0.215753 4.700467 0.381230
v 0.194991 4.702580 0.385921
v 0.180173 4.703136 0.394897
v 0.189031 4.712903 0.398926
v 0.164924 4.706788 0.428409
v 0.184065 4.721504 0.428409
v 0.156665 4.687246 0.408867
v 0.170798 4.705589 0.408377
v 0.186300 4.717633 0.409394
v 0.227434 4.728105 0.408867
v 0.222968 4.716666 0.392300
v 0.206380 4.730722 0.428409
v 0.204482 4.725036 0.408377
v 0.201918 4.715691 0.394897
v 0.206888 4.681973 0.874442
v 0.228471 4.733040 0.823375
v 0.151871 4.688815 0.823375
v 0.215753 4.700467 0.870554
v 0.222968 4.716666 0.859485
v 0.186439 4.683543 0.870554
v 0.194991 4.702580 0.865863
v 0.201918 4.715691 0.856888
v 0.189031 4.712903 0.852858
v 0.206380 4.730722 0.823375
v 0.184065 4.721504 0.823375
v 0.227434 4.728105 0.842917
v 0.204482 4.725036 0.843407
v 0.186300 4.717633 0.842391
v 0.156665 4.687246 0.842917
v 0.168803 4.685394 0.859485
v 0.164924 4.706788 0.823375
v 0.170798 4.705589 0.843407
v 0.180173 4.703136 0.856888
vn -0.1696 -0.2937 0.9407
vn -0.4585 -0.4051 0.7910
vn -0.1216 -0.5996 0.7910
vn -0.3686 -0.6384 0.6757
vn -0.7768 -0.5781 0.2498
vn -0.5917 -0.7745 0.2234
vn -0.6668 -0.5034 0.5495
vn -0.5290 -0.7014 0.4778
vn -0.1123 -0.9618 0.2498
vn -0.1025 -0.8292 0.5495
vn -0.3749 -0.8997 0.2234
vn -0.3429 -0.8088 0.4778
vn -0.1696 -0.2937 -0.9407
vn -0.1216 -0.5996 -0.7910
vn -0.4585 -0.4051 -0.7910
vn -0.3686 -0.6384 -0.6757
vn -0.1123 -0.9618 -0.2498
vn -0.3749 -0.8997 -0.2234
vn -0.1025 -0.8292 -0.5495
vn -0.3429 -0.8088 -0.4778
vn -0.7768 -0.5781 -0.2498
vn -0.6668 -0.5034 -0.5495
vn -0.5917 -0.7745 -0.2234
vn -0.5290 -0.7014 -0.4778
vn -0.3392 -0.0000 0.9407
vn -0.5801 0.1945 0.7910
vn -0.5801 -0.1945 0.7910
vn -0.7372 -0.0000 0.6757
vn -0.8891 0.3836 0.2498
vn -0.9666 0.1252 0.2234
vn -0.7693 0.3258 0.5495
vn -0.8719 0.1074 0.4778
vn -0.8890 -0.3836 0.2498
vn -0.7693 -0.3258 0.5495
vn -0.9666 -0.1252 0.2234
vn -0.8719 -0.1074 0.4778
vn -0.3392 -0.0000 -0.9407
vn -0.5801 -0.1945 -0.7910
vn -0.5801 0.1945 -0.7910
vn -0.7372 -0.0000 -0.6757
vn -0.8890 -0.3836 -0.2498
vn -0.9666 -0.1252 -0.2234
vn -0.7693 -0.3258 -0.5495
vn -0.8719 -0.1074 -0.4778
vn -0.8891 0.3836 -0.2498
vn -0.7693 0.3258 -0.5495
vn -0.9666 0.1252 -0.2234
vn -0.8719 0.1074 -0.4778
vn -0.1696 0.2937 0.9407
vn -0.1216 0.5996 0.7910
vn -0.4585 0.4051 0.7910
vn -0.3686 0.6384 0.6757
vn -0.1123 0.9618 0.2498
vn -0.3749 0.8997 0.2234
vn -0.1025 0.8292 0.5495
vn -0.3429 0.8088 0.4778
vn -0.7768 0.5781 0.2498
vn -0.6668 0.5034 0.5495
vn -0.5917 0.7745 0.2234
vn -0.5290 0.7014 0.4778
vn -0.1696 0.2937 -0.9407
vn -0.4585 0.4051 -0.7910
vn -0.1216 0.5996 -0.7910
vn -0.3686 0.6384 -0.6757
vn -0.7768 0.5781 -0.2498
vn -0.5917 0.7745 -0.2234
vn -0.6668 0.5034 -0.5495
vn -0.5290 0.7014 -0.4778
vn -0.1123 0.9618 -0.2498
vn -0.1025 0.8292 -0.5495
vn -0.3749 0.8997 -0.2234
vn -0.3429 0.8088 -0.4778
vn 0.1696 0.2937 0.9407
vn 0.4585 0.4051 0.7910
vn 0.1216 0.5996 0.7910
vn 0.3686 0.6384 0.6757
vn 0.7768 0.5781 0.2498
vn 0.5917 0.7745 0.2234
vn 0.6668 0.5034 0.5495
vn 0.5290 0.7014 0.4778
vn 0.1123 0.9618 0.2498
vn 0.1025 0.8292 0.5495
vn 0.3749 0.8997 0.2234
vn 0.3429 0.8088 0.4778
vn 0.1696 0.2937 -0.9407
vn 0.1216 0.5996 -0.7910
vn 0.4585 0.4051 -0.7910
vn 0.3686 0.6384 -0.6757
vn 0.1123 0.9618 -0.2498
vn 0.3749 0.8997 -0.2234
vn 0.1025 0.8292 -0.5495
vn 0.3429 0.8088 -0.4778
vn 0.7768 0.5781 -0.2498
vn 0.6668 0.5034 -0.5495
vn 0.5917 0.7745 -0.2234
vn 0.5290 0.7014 -0.4778
vn 0.3392 -0.0000 0.9407
vn 0.5801 -0.1945 0.7910
vn 0.5801 0.1945 0.7910
vn 0.7372 -0.0000 0.6757
vn 0.8891 -0.3836 0.2498
vn 0.9666 -0.1252 0.2234
vn 0.7693 -0.3258 0.5495
vn 0.8719 -0.1074 0.4778
vn 0.8890 0.3836 0.2498
vn 0.7693 0.3258 0.5495
vn 0.9666 0.1252 0.2234
vn 0.8719 0.1074 0.4778
vn 0.3392 -0.0000 -0.9407
vn 0.5801 0.1945 -0.7910
vn 0.5801 -0.1945 -0.7910
vn 0.7372 -0.0000 -0.6757
vn 0.8890 0.3836 -0.2498
vn 0.9666 0.1252 -0.2234
vn 0.7693 0.3258 -0.5495
vn 0.8719 0.1074 -0.4778
vn 0.8891 -0.3836 -0.2498
vn 0.7693 -0.3258 -0.5495
vn 0.9666 -0.1252 -0.2234
vn 0.8719 -0.1074 -0.4778
vn 0.1696 -0.2937 0.9407
vn 0.1216 -0.5996 0.7910
vn 0.4585 -0.4051 0.7910
vn 0.3686 -0.6384 0.6757
vn 0.1123 -0.9618 0.2498
vn 0.3749 -0.8997 0.2234
vn 0.1025 -0.8292 0.5495
vn 0.3429 -0.8088 0.4778
vn 0.7768 -0.5781 0.2498
vn 0.6668 -0.5034 0.5495
vn 0.5917 -0.7745 0.2234
vn 0.5290 -0.7014 0.4778
vn 0.1696 -0.2937 -0.9407
vn 0.4585 -0.4051 -0.7910
vn 0.1216 -0.5996 -0.7910
vn 0.3686 -0.6384 -0.6757
vn 0.7768 -0.5781 -0.2498
vn 0.5917 -0.7745 -0.2234
vn 0.6668 -0.5034 -0.5495
vn 0.5290 -0.7014 -0.4778
vn 0.1123 -0.9618 -0.2498
vn 0.1025 -0.8292 -0.5495
vn 0.3749 -0.8997 -0.2234
vn 0.3429 -0.8088 -0.4778
vn -0.1781 -0.1028 0.9786
vn -0.4886 -0.2821 0.8256
vn -0.7127 -0.4115 0.5682
vn -0.8397 -0.4848 0.2449
vn -0.1781 -0.1028 -0.9786
vn -0.4886 -0.2821 -0.8256
vn -0.7127 -0.4115 -0.5681
vn -0.8397 -0.4848 -0.2449
vn -0.8091 -0.5876 -0.0000
vn -0.6095 -0.7928 -0.0000
vn -0.3818 -0.9242 -0.0000
vn -0.1043 -0.9945 -0.0000
vn -0.9135 -0.4069 -0.0000
vn -0.9913 -0.1315 -0.0000
vn -0.9913 0.1315 -0.0000
vn -0.9135 0.4069 -0.0000
vn -0.1781 0.1028 0.9786
vn -0.4886 0.2821 0.8256
vn -0.7127 0.4115 0.5682
vn -0.8397 0.4848 0.2449
vn -0.1781 0.1028 -0.9786
vn -0.4886 0.2821 -0.8256
vn -0.7127 0.4115 -0.5682
vn -0.8397 0.4848 -0.2449
vn -0.8091 0.5876 -0.0000
vn -0.6095 0.7928 -0.0000
vn -0.3818 0.9242 -0.0000
vn -0.1043 0.9945 -0.0000
vn -0.0000 0.2057 0.9786
vn -0.0000 0.5642 0.8256
vn -0.0000 0.8229 0.5681
vn -0.0000 0.9696 0.2449
vn -0.0000 0.2057 -0.9786
vn -0.0000 0.5642 -0.8256
vn -0.0000 0.8229 -0.5682
vn -0.0000 0.9696 -0.2449
vn 0.1043 0.9945 -0.0000
vn 0.3818 0.9242 -0.0000
vn 0.6095 0.7928 -0.0000
vn 0.8091 0.5876 -0.0000
vn 0.1781 0.1028 0.9786
vn 0.4886 0.2821 0.8256
vn 0.7127 0.4115 0.5682
vn 0.8397 0.4848 0.2449
vn 0.1781 0.1028 -0.9786
vn 0.4886 0.2821 -0.8256
vn 0.7127 0.4115 -0.5681
vn 0.8397 0.4848 -0.2449
vn 0.9135 0.4069 -0.0000
vn 0.9913 0.1315 -0.0000
vn 0.9913 -0.1315 -0.0000
vn 0.9135 -0.4069 -0.0000
vn 0.1781 -0.1028 0.9786
vn 0.4886 -0.2821 0.8256
vn 0.7127 -0.4115 0.5682
vn 0.8397 -0.4848 0.2449
vn 0.1781 -0.1028 -0.9786
vn 0.4886 -0.2821 -0.8256
vn 0.7127 -0.4115 -0.5682
vn 0.8397 -0.4848 -0.2449
vn 0.8091 -0.5876 -0.0000
vn 0.6095 -0.7928 -0.0000
vn 0.3818 -0.9242 -0.0000
vn 0.1043 -0.9945 -0.0000
vn -0.0000 -0.2057 0.9786
vn -0.0000 -0.5642 0.8256
vn -0.0000 -0.8229 0.5681
vn -0.0000 -0.9696 0.2449
vn -0.0000 -0.2057 -0.9786
vn -0.0000 -0.5642 -0.8256
vn -0.0000 -0.8229 -0.5682
vn -0.0000 -0.9696 -0.2449
vn -0.0000 -0.0000 1.0000
vn -0.8660 -0.5000 -0.0000
vn -0.0000 -1.0000 -0.0000
vn -0.0000 -0.0000 -1.0000
vn -0.8660 0.5000 -0.0000
vn -0.0000 1.0000 -0.0000
vn 0.8660 0.5000 -0.0000
vn 0.8660 -0.5000 -0.0000
vt 0.750000 0.475848
vt 0.754062 0.478628
vt 0.750000 0.481559
vt 0.745938 0.478628
vt 0.759470 0.484532
vt 0.755095 0.487058
vt 0.744905 0.487058
vt 0.740530 0.484532
vt 0.752416 0.488605
vt 0.991489 0.551365
vt 0.995171 0.551365
vt 0.995487 0.531216
vt 0.991662 0.531708
vt 1.000000 0.551365
vt 1.000000 0.532238
vt 0.995914 0.500000
vt 0.992406 0.500000
vt 1.000000 0.521709
vt 0.008511 0.551365
vt 0.008338 0.531708
vt 0.004513 0.531216
vt 0.004829 0.551365
vt 0.007594 0.500000
vt 0.004086 0.500000
vt -0.000000 0.532238
vt -0.000000 0.551365
vt 0.001938 0.500000
vt 0.250000 0.475848
vt 0.245938 0.478628
vt 0.250000 0.481559
vt 0.254062 0.478628
vt 0.240530 0.484532
vt 0.244905 0.487058
vt 0.255095 0.487058
vt 0.259470 0.484532
vt 0.247583 0.488605
vt 0.008511 0.948635
vt 0.004829 0.948635
vt 0.004513 0.968784
vt 0.008338 0.968292
vt -0.000000 0.948635
vt -0.000000 0.967762
vt 0.004086 1.000000
vt 0.007594 1.000000
vt -0.000000 0.978291
vt 0.991489 0.948635
vt 0.991662 0.968292
vt 0.995487 0.968784
vt 0.995171 0.948635
vt 0.992406 1.000000
vt 0.995914 1.000000
vt 1.000000 0.967762
vt 1.000000 0.948635
vt 0.998062 1.000000
vt 0.945590 0.362924
vt 0.950029 0.360796
vt 0.950536 0.365779
vt 0.945967 0.367832
vt 0.957846 0.359065
vt 0.957846 0.364117
vt 0.952751 0.372942
vt 0.948376 0.375468
vt 0.957846 0.367210
vt 0.824822 0.551365
vt 0.828504 0.551365
vt 0.828820 0.531216
vt 0.824995 0.531708
vt 0.833333 0.551365
vt 0.833333 0.532238
vt 0.829248 0.500000
vt 0.825739 0.500000
vt 0.834302 0.510855
vt 0.841844 0.551365
vt 0.841672 0.531708
vt 0.837846 0.531216
vt 0.838163 0.551365
vt 0.840927 0.500000
vt 0.837419 0.500000
vt 0.445590 0.362924
vt 0.445967 0.367832
vt 0.450536 0.365779
vt 0.450029 0.360796
vt 0.448376 0.375468
vt 0.452751 0.372942
vt 0.457846 0.364117
vt 0.457846 0.359065
vt 0.455430 0.371395
vt 0.841844 0.948635
vt 0.838163 0.948635
vt 0.837846 0.968784
vt 0.841672 0.968292
vt 0.833333 0.948635
vt 0.833333 0.967762
vt 0.837419 1.000000
vt 0.840927 1.000000
vt 0.832364 0.989145
vt 0.824822 0.948635
vt 0.824995 0.968292
vt 0.828820 0.968784
vt 0.828504 0.948635
vt 0.825739 1.000000
vt 0.829248 1.000000
vt 0.945590 0.137076
vt 0.945967 0.132168
vt 0.950536 0.134221
vt 0.950029 0.139204
vt 0.948376 0.124532
vt 0.952751 0.127058
vt 0.957846 0.135883
vt 0.957846 0.140935
vt 0.955430 0.128605
vt 0.658156 0.551365
vt 0.661837 0.551365
vt 0.662154 0.531216
vt 0.658328 0.531708
vt 0.666667 0.551365
vt 0.666667 0.532238
vt 0.662581 0.500000
vt 0.659073 0.500000
vt 0.667635 0.510855
vt 0.675178 0.551365
vt 0.675005 0.531708
vt 0.671179 0.531216
vt 0.671496 0.551365
vt 0.674260 0.500000
vt 0.670752 0.500000
vt 0.445590 0.137076
vt 0.450029 0.139204
vt 0.450536 0.134221
vt 0.445967 0.132168
vt 0.457846 0.140935
vt 0.457846 0.135883
vt 0.452751 0.127058
vt 0.448376 0.124532
vt 0.457846 0.132790
vt 0.675178 0.948635
vt 0.671496 0.948635
vt 0.671179 0.968784
vt 0.675005 0.968292
vt 0.666667 0.948635
vt 0.666667 0.967762
vt 0.670752 1.000000
vt 0.674260 1.000000
vt 0.665698 0.989145
vt 0.658155 0.948635
vt 0.658328 0.968292
vt 0.662154 0.968784
vt 0.661837 0.948635
vt 0.659073 1.000000
vt 0.662581 1.000000
vt 0.750000 0.024152
vt 0.745938 0.021372
vt 0.750000 0.018441
vt 0.754062 0.021372
vt 0.740530 0.015468
vt 0.744905 0.012942
vt 0.755095 0.012942
vt 0.759470 0.015468
vt 0.747584 0.011395
vt 0.491489 0.551365
vt 0.495171 0.551365
vt 0.495487 0.531216
vt 0.491662 0.531708
vt 0.500000 0.551365
vt 0.500000 0.532238
vt 0.495914 0.500000
vt 0.492406 0.500000
vt 0.500969 0.510855
vt 0.508511 0.551365
vt 0.508338 0.531708
vt 0.504513 0.531216
vt 0.504829 0.551365
vt 0.507594 0.500000
vt 0.504086 0.500000
vt 0.250000 0.024152
vt 0.254062 0.021372
vt 0.250000 0.018441
vt 0.245938 0.021372
vt 0.259470 0.015468
vt 0.255095 0.012942
vt 0.244905 0.012942
vt 0.240530 0.015468
vt 0.252417 0.011395
vt 0.508511 0.948635
vt 0.504829 0.948635
vt 0.504513 0.968784
vt 0.508338 0.968292
vt 0.500000 0.948635
vt 0.500000 0.967762
vt 0.504086 1.000000
vt 0.507594 1.000000
vt 0.499031 0.989145
vt 0.491489 0.948635
vt 0.491662 0.968292
vt 0.495487 0.968784
vt 0.495171 0.948635
vt 0.492406 1.000000
vt 0.495914 1.000000
vt 0.554410 0.137076
vt 0.549971 0.139204
vt 0.549464 0.134221
vt 0.554033 0.132168
vt 0.542154 0.140935
vt 0.542154 0.135883
vt 0.547249 0.127058
vt 0.551624 0.124532
vt 0.542154 0.132790
vt 0.324822 0.551365
vt 0.328504 0.551365
vt 0.328820 0.531216
vt 0.324995 0.531708
vt 0.333333 0.551365
vt 0.333333 0.532238
vt 0.329248 0.500000
vt 0.325739 0.500000
vt 0.334302 0.510855
vt 0.341844 0.551365
vt 0.341671 0.531708
vt 0.337846 0.531216
vt 0.338163 0.551365
vt 0.340927 0.500000
vt 0.337419 0.500000
vt 0.054410 0.137076
vt 0.054033 0.132168
vt 0.049464 0.134221
vt 0.049971 0.139204
vt 0.051624 0.124532
vt 0.047249 0.127058
vt 0.042154 0.135883
vt 0.042154 0.140935
vt 0.044570 0.128605
vt 0.341844 0.948635
vt 0.338162 0.948635
vt 0.337846 0.968784
vt 0.341671 0.968292
vt 0.333333 0.948635
vt 0.333333 0.967762
vt 0.337419 1.000000
vt 0.340927 1.000000
vt 0.332364 0.989145
vt 0.324822 0.948635
vt 0.324995 0.968292
vt 0.328820 0.968784
vt 0.328504 0.948635
vt 0.325739 1.000000
vt 0.329248 1.000000
vt 0.554410 0.362924
vt 0.554033 0.367832
vt 0.549464 0.365779
vt 0.549972 0.360796
vt 0.551624 0.375468
vt 0.547249 0.372942
vt 0.542154 0.364117
vt 0.542154 0.359065
vt 0.544570 0.371395
vt 0.158155 0.551365
vt 0.161837 0.551365
vt 0.162154 0.531216
vt 0.158328 0.531708
vt 0.166667 0.551365
vt 0.166667 0.532238
vt 0.162581 0.500000
vt 0.159073 0.500000
vt 0.167635 0.510855
vt 0.175178 0.551365
vt 0.175005 0.531708
vt 0.171179 0.531216
vt 0.171496 0.551365
vt 0.174260 0.500000
vt 0.170752 0.500000
vt 0.054410 0.362924
vt 0.049971 0.360796
vt 0.049464 0.365779
vt 0.054033 0.367832
vt 0.042154 0.359065
vt 0.042154 0.364117
vt 0.047249 0.372942
vt 0.051624 0.375468
vt 0.042154 0.367210
vt 0.175178 0.948635
vt 0.171496 0.948635
vt 0.171179 0.968784
vt 0.175005 0.968292
vt 0.166667 0.948635
vt 0.166667 0.967762
vt 0.170752 1.000000
vt 0.174260 1.000000
vt 0.165698 0.989145
vt 0.158155 0.948635
vt 0.158328 0.968292
vt 0.162154 0.968784
vt 0.161837 0.948635
vt 0.159073 1.000000
vt 0.162581 1.000000
vt 0.740530 0.484532
vt 0.755095 0.487058
vt 0.759470 0.484532
vt 0.747583 0.488605
vt 0.008511 0.551365
vt 0.004829 0.551365
vt 0.004513 0.531216
vt 0.008338 0.531708
vt 0.007594 0.500000
vt -0.000000 0.521709
vt 0.995487 0.531216
vt 0.998062 0.500000
vt 0.254062 0.478628
vt 0.250000 0.481559
vt 0.259470 0.484532
vt 0.244905 0.487058
vt 0.240530 0.484532
vt 0.252417 0.488605
vt 0.991662 0.968292
vt 1.000000 0.948635
vt 1.000000 0.978291
vt 0.008511 0.948635
vt 0.008338 0.968292
vt 0.004513 0.968784
vt 0.004829 0.948635
vt 0.007594 1.000000
vt 0.004086 1.000000
vt -0.000000 0.967762
vt -0.000000 0.948635
vt 0.001938 1.000000
vt 0.945590 0.362924
vt 0.945967 0.367832
vt 0.950536 0.365779
vt 0.950029 0.360796
vt 0.952751 0.372942
vt 0.957846 0.359065
vt 0.955430 0.371395
vt 0.841844 0.551365
vt 0.838163 0.551365
vt 0.840927 0.500000
vt 0.832364 0.510855
vt 0.824822 0.551365
vt 0.824995 0.531708
vt 0.828504 0.551365
vt 0.452751 0.372942
vt 0.457846 0.367210
vt 0.824822 0.948635
vt 0.828820 0.968784
vt 0.824995 0.968292
vt 0.834302 0.989145
vt 0.841844 0.948635
vt 0.837846 0.968784
vt 0.838162 0.948635
vt 0.840927 1.000000
vt 0.945590 0.137076
vt 0.950029 0.139204
vt 0.950536 0.134221
vt 0.957846 0.132790
vt 0.675178 0.551365
vt 0.671179 0.531216
vt 0.665698 0.510855
vt 0.445590 0.137076
vt 0.445967 0.132168
vt 0.450536 0.134221
vt 0.450029 0.139204
vt 0.452751 0.127058
vt 0.457846 0.135883
vt 0.457846 0.140935
vt 0.455430 0.128605
vt 0.658156 0.948635
vt 0.662154 0.968784
vt 0.658328 0.968292
vt 0.667635 0.989145
vt 0.675178 0.948635
vt 0.675005 0.968292
vt 0.671179 0.968784
vt 0.671496 0.948635
vt 0.754062 0.021372
vt 0.745938 0.021372
vt 0.759470 0.015468
vt 0.744905 0.012942
vt 0.740530 0.015468
vt 0.752416 0.011395
vt 0.508511 0.551365
vt 0.504513 0.531216
vt 0.508338 0.531708
vt 0.499031 0.510855
vt 0.250000 0.024152
vt 0.254062 0.021372
vt 0.240530 0.015468
vt 0.255095 0.012942
vt 0.259470 0.015468
vt 0.247583 0.011395
vt 0.495171 0.948635
vt 0.491662 0.968292
vt 0.500969 0.989145
vt 0.508511 0.948635
vt 0.508338 0.968292
vt 0.504513 0.968784
vt 0.504829 0.948635
vt 0.554410 0.137076
vt 0.554033 0.132168
vt 0.549464 0.134221
vt 0.549971 0.139204
vt 0.551624 0.124532
vt 0.542154 0.135883
vt 0.542154 0.140935
vt 0.544570 0.128605
vt 0.341844 0.551365
vt 0.332364 0.510855
vt 0.324822 0.551365
vt 0.324995 0.531708
vt 0.328504 0.551365
vt 0.054410 0.137076
vt 0.049971 0.139204
vt 0.049464 0.134221
vt 0.054033 0.132168
vt 0.047249 0.127058
vt 0.051624 0.124532
vt 0.042154 0.132790
vt 0.324822 0.948635
vt 0.328504 0.948635
vt 0.328820 0.968784
vt 0.324995 0.968292
vt 0.334302 0.989145
vt 0.341844 0.948635
vt 0.338162 0.948635
vt 0.337419 1.000000
vt 0.554410 0.362924
vt 0.549971 0.360796
vt 0.549464 0.365779
vt 0.554033 0.367832
vt 0.547249 0.372942
vt 0.551624 0.375468
vt 0.542154 0.367210
vt 0.175178 0.551365
vt 0.171496 0.551365
vt 0.165698 0.510855
vt 0.054410 0.362924
vt 0.054033 0.367832
vt 0.049464 0.365779
vt 0.049971 0.360796
vt 0.051624 0.375468
vt 0.047249 0.372942
vt 0.044570 0.371395
vt 0.158155 0.948635
vt 0.162154 0.968784
vt 0.158328 0.968292
vt 0.167635 0.989145
vt 0.175178 0.948635
vt 0.175005 0.968292
vt 0.171179 0.968784
vt 0.171496 0.948635
vt 0.174260 1.000000
vt 0.170752 1.000000
s 1
usemtl Material.001
f 1/1/1 4/2/1 7/3/1 6/4/1
f 4/2/2 5/5/2 8/6/2 7/3/2
f 6/4/3 7/3/3 19/7/3 16/8/3
f 7/3/4 8/6/4 9/9/4 19/7/4
f 2/10/5 10/11/5 13/12/5 12/13/5
f 10/11/6 11/14/6 14/15/6 13/12/6
f 12/13/7 13/12/7 8/16/7 5/17/7
f 13/12/8 14/15/8 9/18/8 8/16/8
f 3/19/9 15/20/9 18/21/9 17/22/9
f 15/20/10 16/23/10 19/24/10 18/21/10
f 17/22/11 18/21/11 14/25/11 11/26/11
f 18/21/12 19/24/12 9/27/12 14/25/12
f 20/28/13 23/29/13 26/30/13 25/31/13
f 23/29/14 24/32/14 27/33/14 26/30/14
f 25/31/15 26/30/15 38/34/15 35/35/15
f 26/30/16 27/33/16 28/36/16 38/34/16
f 21/37/17 29/38/17 32/39/17 31/40/17
f 29/38/18 30/41/18 33/42/18 32/39/18
f 31/40/19 32/39/19 27/43/19 24/44/19
f 32/39/20 33/42/20 28/45/20 27/43/20
f 22/46/21 34/47/21 37/48/21 36/49/21
f 34/47/22 35/50/22 38/51/22 37/48/22
f 36/49/23 37/48/23 33/52/23 30/53/23
f 37/48/24 38/51/24 28/54/24 33/52/24
f 39/55/25 42/56/25 45/57/25 44/58/25
f 42/56/26 43/59/26 46/60/26 45/57/26
f 44/58/27 45/57/27 57/61/27 54/62/27
f 45/57/28 46/60/28 47/63/28 57/61/28
f 40/64/29 48/65/29 51/66/29 50/67/29
f 48/65/30 49/68/30 52/69/30 51/66/30
f 50/67/31 51/66/31 46/70/31 43/71/31
f 51/66/32 52/69/32 47/72/32 46/70/32
f 41/73/33 53/74/33 56/75/33 55/76/33
f 53/74/34 54/77/34 57/78/34 56/75/34
f 55/76/35 56/75/35 52/69/35 49/68/35
f 56/75/36 57/78/36 47/72/36 52/69/36
f 58/79/37 61/80/37 64/81/37 63/82/37
f 61/80/38 62/83/38 65/84/38 64/81/38
f 63/82/39 64/81/39 76/85/39 73/86/39
f 64/81/40 65/84/40 66/87/40 76/85/40
f 59/88/41 67/89/41 70/90/41 69/91/41
f 67/89/42 68/92/42 71/93/42 70/90/42
f 69/91/43 70/90/43 65/94/43 62/95/43
f 70/90/44 71/93/44 66/96/44 65/94/44
f 60/97/45 72/98/45 75/99/45 74/100/45
f 72/98/46 73/101/46 76/102/46 75/99/46
f 74/100/47 75/99/47 71/93/47 68/92/47
f 75/99/48 76/102/48 66/96/48 71/93/48
f 77/103/49 80/104/49 83/105/49 82/106/49
f 80/104/50 81/107/50 84/108/50 83/105/50
f 82/106/51 83/105/51 95/109/51 92/110/51
f 83/105/52 84/108/52 85/111/52 95/109/52
f 78/112/53 86/113/53 89/114/53 88/115/53
f 86/113/54 87/116/54 90/117/54 89/114/54
f 88/115/55 89/114/55 84/118/55 81/119/55
f 89/114/56 90/117/56 85/120/56 84/118/56
f 79/121/57 91/122/57 94/123/57 93/124/57
f 91/122/58 92/125/58 95/126/58 94/123/58
f 93/124/59 94/123/59 90/117/59 87/116/59
f 94/123/60 95/126/60 85/120/60 90/117/60
f 96/127/61 99/128/61 102/129/61 101/130/61
f 99/128/62 100/131/62 103/132/62 102/129/62
f 101/130/63 102/129/63 114/133/63 111/134/63
f 102/129/64 103/132/64 104/135/64 114/133/64
f 97/136/65 105/137/65 108/138/65 107/139/65
f 105/137/66 106/140/66 109/141/66 108/138/66
f 107/139/67 108/138/67 103/142/67 100/143/67
f 108/138/68 109/141/68 104/144/68 103/142/68
f 98/145/69 110/146/69 113/147/69 112/148/69
f 110/146/70 111/149/70 114/150/70 113/147/70
f 112/148/71 113/147/71 109/141/71 106/140/71
f 113/147/72 114/150/72 104/144/72 109/141/72
f 115/151/73 118/152/73 121/153/73 120/154/73
f 118/152/74 119/155/74 122/156/74 121/153/74
f 120/154/75 121/153/75 133/157/75 130/158/75
f 121/153/76 122/156/76 123/159/76 133/157/76
f 116/160/77 124/161/77 127/162/77 126/163/77
f 124/161/78 125/164/78 128/165/78 127/162/78
f 126/163/79 127/162/79 122/166/79 119/167/79
f 127/162/80 128/165/80 123/168/80 122/166/80
f 117/169/81 129/170/81 132/171/81 131/172/81
f 129/170/82 130/173/82 133/174/82 132/171/82
f 131/172/83 132/171/83 128/165/83 125/164/83
f 132/171/84 133/174/84 123/168/84 128/165/84
f 134/175/85 137/176/85 140/177/85 139/178/85
f 137/176/86 138/179/86 141/180/86 140/177/86
f 139/178/87 140/177/87 152/181/87 149/182/87
f 140/177/88 141/180/88 142/183/88 152/181/88
f 135/184/89 143/185/89 146/186/89 145/187/89
f 143/185/90 144/188/90 147/189/90 146/186/90
f 145/187/91 146/186/91 141/190/91 138/191/91
f 146/186/92 147/189/92 142/192/92 141/190/92
f 136/193/93 148/194/93 151/195/93 150/196/93
f 148/194/94 149/197/94 152/198/94 151/195/94
f 150/196/95 151/195/95 147/189/95 144/188/95
f 151/195/96 152/198/96 142/192/96 147/189/96
f 153/199/97 156/200/97 159/201/97 158/202/97
f 156/200/98 157/203/98 160/204/98 159/201/98
f 158/202/99 159/201/99 171/205/99 168/206/99
f 159/201/100 160/204/100 161/207/100 171/205/100
f 154/208/101 162/209/101 165/210/101 164/211/101
f 162/209/102 163/212/102 166/213/102 165/210/102
f 164/211/103 165/210/103 160/214/103 157/215/103
f 165/210/104 166/213/104 161/216/104 160/214/104
f 155/217/105 167/218/105 170/219/105 169/220/105
f 167/218/106 168/221/106 171/222/106 170/219/106
f 169/220/107 170/219/107 166/213/107 163/212/107
f 170/219/108 171/222/108 161/216/108 166/213/108
f 172/223/109 175/224/109 178/225/109 177/226/109
f 175/224/110 176/227/110 179/228/110 178/225/110
f 177/226/111 178/225/111 190/229/111 187/230/111
f 178/225/112 179/228/112 180/231/112 190/229/112
f 173/232/113 181/233/113 184/234/113 183/235/113
f 181/233/114 182/236/114 185/237/114 184/234/114
f 183/235/115 184/234/115 179/238/115 176/239/115
f 184/234/116 185/237/116 180/240/116 179/238/116
f 174/241/117 186/242/117 189/243/117 188/244/117
f 186/242/118 187/245/118 190/246/118 189/243/118
f 188/244/119 189/243/119 185/237/119 182/236/119
f 189/243/120 190/246/120 180/240/120 185/237/120
f 191/247/121 194/248/121 197/249/121 196/250/121
f 194/248/122 195/251/122 198/252/122 197/249/122
f 196/250/123 197/249/123 209/253/123 206/254/123
f 197/249/124 198/252/124 199/255/124 209/253/124
f 192/256/125 200/257/125 203/258/125 202/259/125
f 200/257/126 201/260/126 204/261/126 203/258/126
f 202/259/127 203/258/127 198/262/127 195/263/127
f 203/258/128 204/261/128 199/264/128 198/262/128
f 193/265/129 205/266/129 208/267/129 207/268/129
f 205/266/130 206/269/130 209/270/130 208/267/130
f 207/268/131 208/267/131 204/261/131 201/260/131
f 208/267/132 209/270/132 199/264/132 204/261/132
f 210/271/133 213/272/133 216/273/133 215/274/133
f 213/272/134 214/275/134 217/276/134 216/273/134
f 215/274/135 216/273/135 228/277/135 225/278/135
f 216/273/136 217/276/136 218/279/136 228/277/136
f 211/280/137 219/281/137 222/282/137 221/283/137
f 219/281/138 220/284/138 223/285/138 222/282/138
f 221/283/139 222/282/139 217/286/139 214/287/139
f 222/282/140 223/285/140 218/288/140 217/286/140
f 212/289/141 224/290/141 227/291/141 226/292/141
f 224/290/142 225/293/142 228/294/142 227/291/142
f 226/292/143 227/291/143 223/285/143 220/284/143
f 227/291/144 228/294/144 218/288/144 223/285/144
f 229/1/85 232/4/85 235/3/85 234/2/85
f 232/4/86 233/295/86 236/7/86 235/3/86
f 234/2/87 235/3/87 247/296/87 244/297/87
f 235/3/88 236/7/88 237/298/88 247/296/88
f 230/299/89 238/300/89 241/301/89 240/302/89
f 238/300/90 239/26/90 242/25/90 241/301/90
f 240/302/91 241/301/91 236/24/91 233/303/91
f 241/301/92 242/25/92 237/304/92 236/24/92
f 231/10/93 243/13/93 246/305/93 245/11/93
f 243/13/94 244/17/94 247/16/94 246/305/94
f 245/11/95 246/305/95 242/15/95 239/14/95
f 246/305/96 247/16/96 237/306/96 242/15/96
f 248/28/73 251/307/73 254/308/73 253/29/73
f 251/307/74 252/309/74 255/34/74 254/308/74
f 253/29/75 254/308/75 266/310/75 263/311/75
f 254/308/76 255/34/76 256/312/76 266/310/76
f 249/46/77 257/49/77 260/48/77 259/313/77
f 257/49/78 258/314/78 261/52/78 260/48/78
f 259/313/79 260/48/79 255/51/79 252/50/79
f 260/48/80 261/52/80 256/315/80 255/51/80
f 250/316/81 262/317/81 265/318/81 264/319/81
f 262/317/82 263/320/82 266/321/82 265/318/82
f 264/319/83 265/318/83 261/322/83 258/323/83
f 265/318/84 266/321/84 256/324/84 261/322/84
f 267/325/109 270/326/109 273/327/109 272/328/109
f 270/326/110 271/62/110 274/329/110 273/327/110
f 272/328/111 273/327/111 285/60/111 282/330/111
f 273/327/112 274/329/112 275/331/112 285/60/112
f 268/332/113 276/333/113 279/75/113 278/74/113
f 276/333/114 277/68/114 280/69/114 279/75/114
f 278/74/115 279/75/115 274/78/115 271/334/115
f 279/75/116 280/69/116 275/335/116 274/78/116
f 269/336/117 281/337/117 284/66/117 283/338/117
f 281/337/118 282/71/118 285/70/118 284/66/118
f 283/338/119 284/66/119 280/69/119 277/68/119
f 284/66/120 285/70/120 275/335/120 280/69/120
f 286/79/97 289/82/97 292/81/97 291/80/97
f 289/82/98 290/86/98 293/85/98 292/81/98
f 291/80/99 292/81/99 304/339/99 301/83/99
f 292/81/100 293/85/100 294/340/100 304/339/100
f 287/341/101 295/100/101 298/342/101 297/343/101
f 295/100/102 296/92/102 299/93/102 298/342/102
f 297/343/103 298/342/103 293/102/103 290/101/103
f 298/342/104 299/93/104 294/344/104 293/102/104
f 288/345/105 300/91/105 303/346/105 302/347/105
f 300/91/106 301/348/106 304/94/106 303/346/106
f 302/347/107 303/346/107 299/93/107 296/92/107
f 303/346/108 304/94/108 294/344/108 299/93/108
f 305/349/133 308/350/133 311/351/133 310/104/133
f 308/350/134 309/110/134 312/109/134 311/351/134
f 310/104/135 311/351/135 323/108/135 320/107/135
f 311/351/136 312/109/136 313/352/136 323/108/136
f 306/353/137 314/124/137 317/354/137 316/122/137
f 314/124/138 315/116/138 318/117/138 317/354/138
f 316/122/139 317/354/139 312/126/139 309/125/139
f 317/354/140 318/117/140 313/355/140 312/126/140
f 307/112/141 319/115/141 322/114/141 321/113/141
f 319/115/142 320/119/142 323/118/142 322/114/142
f 321/113/143 322/114/143 318/117/143 315/116/143
f 322/114/144 323/118/144 313/355/144 318/117/144
f 324/356/121 327/357/121 330/358/121 329/359/121
f 327/357/122 328/134/122 331/360/122 330/358/122
f 329/359/123 330/358/123 342/361/123 339/362/123
f 330/358/124 331/360/124 332/363/124 342/361/124
f 325/364/125 333/148/125 336/365/125 335/366/125
f 333/148/126 334/140/126 337/141/126 336/365/126
f 335/366/127 336/365/127 331/150/127 328/149/127
f 336/365/128 337/141/128 332/367/128 331/150/128
f 326/368/129 338/369/129 341/370/129 340/371/129
f 338/369/130 339/143/130 342/142/130 341/370/130
f 340/371/131 341/370/131 337/141/131 334/140/131
f 341/370/132 342/142/132 332/367/132 337/141/132
f 343/151/13 346/372/13 349/153/13 348/373/13
f 346/372/14 347/374/14 350/157/14 349/153/14
f 348/373/15 349/153/15 361/375/15 358/376/15
f 349/153/16 350/157/16 351/377/16 361/375/16
f 344/378/17 352/172/17 355/379/17 354/380/17
f 352/172/18 353/164/18 356/165/18 355/379/18
f 354/380/19 355/379/19 350/174/19 347/173/19
f 355/379/20 356/165/20 351/381/20 350/174/20
f 345/160/21 357/163/21 360/162/21 359/161/21
f 357/163/22 358/167/22 361/166/22 360/162/22
f 359/161/23 360/162/23 356/165/23 353/164/23
f 360/162/24 361/166/24 351/381/24 356/165/24
f 362/382/1 365/178/1 368/177/1 367/383/1
f 365/178/2 366/384/2 369/181/2 368/177/2
f 367/383/3 368/177/3 380/385/3 377/386/3
f 368/177/4 369/181/4 370/387/4 380/385/4
f 363/193/5 371/388/5 374/195/5 373/389/5
f 371/388/6 372/188/6 375/189/6 374/195/6
f 373/389/7 374/195/7 369/198/7 366/197/7
f 374/195/8 375/189/8 370/390/8 369/198/8
f 364/391/9 376/392/9 379/393/9 378/394/9
f 376/392/10 377/191/10 380/190/10 379/393/10
f 378/394/11 379/393/11 375/189/11 372/188/11
f 379/393/12 380/190/12 370/390/12 375/189/12
f 381/395/37 384/396/37 387/397/37 386/398/37
f 384/396/38 385/399/38 388/205/38 387/397/38
f 386/398/39 387/397/39 399/400/39 396/401/39
f 387/397/40 388/205/40 389/402/40 399/400/40
f 382/403/41 390/220/41 393/219/41 392/218/41
f 390/220/42 391/212/42 394/213/42 393/219/42
f 392/218/43 393/219/43 388/222/43 385/221/43
f 393/219/44 394/213/44 389/404/44 388/222/44
f 383/405/45 395/406/45 398/210/45 397/407/45
f 395/406/46 396/215/46 399/214/46 398/210/46
f 397/407/47 398/210/47 394/213/47 391/212/47
f 398/210/48 399/214/48 389/404/48 394/213/48
f 400/408/25 403/409/25 406/410/25 405/411/25
f 403/409/26 404/230/26 407/229/26 406/410/26
f 405/411/27 406/410/27 418/412/27 415/413/27
f 406/410/28 407/229/28 408/414/28 418/412/28
f 401/415/29 409/416/29 412/417/29 411/418/29
f 409/416/30 410/236/30 413/237/30 412/417/30
f 411/418/31 412/417/31 407/246/31 404/245/31
f 412/417/32 413/237/32 408/419/32 407/246/32
f 402/420/33 414/235/33 417/234/33 416/421/33
f 414/235/34 415/239/34 418/422/34 417/234/34
f 416/421/35 417/234/35 413/237/35 410/236/35
f 417/234/36 418/422/36 408/419/36 413/237/36
f 419/423/61 422/424/61 425/425/61 424/426/61
f 422/424/62 423/254/62 426/253/62 425/425/62
f 424/426/63 425/425/63 437/427/63 434/428/63
f 425/425/64 426/253/64 427/429/64 437/427/64
f 420/430/65 428/431/65 431/267/65 430/266/65
f 428/431/66 429/260/66 432/261/66 431/267/66
f 430/266/67 431/267/67 426/270/67 423/269/67
f 431/267/68 432/261/68 427/432/68 426/270/68
f 421/256/69 433/259/69 436/258/69 435/257/69
f 433/259/70 434/263/70 437/262/70 436/258/70
f 435/257/71 436/258/71 432/261/71 429/260/71
f 436/258/72 437/262/72 427/432/72 432/261/72
f 438/433/49 441/434/49 444/435/49 443/436/49
f 441/434/50 442/437/50 445/438/50 444/435/50
f 443/436/51 444/435/51 456/276/51 453/275/51
f 444/435/52 445/438/52 446/439/52 456/276/52
f 439/440/53 447/292/53 450/441/53 449/442/53
f 447/292/54 448/284/54 451/285/54 450/441/54
f 449/442/55 450/441/55 445/294/55 442/293/55
f 450/441/56 451/285/56 446/443/56 445/294/56
f 440/444/57 452/445/57 455/446/57 454/447/57
f 452/445/58 453/448/58 456/449/58 455/446/58
f 454/447/59 455/446/59 451/285/59 448/284/59
f 455/446/60 456/449/60 446/443/60 451/285/60
f 1/1/145 39/55/145 44/58/145 4/2/145
f 4/2/146 44/58/146 54/62/146 5/5/146
f 5/17/147 54/77/147 53/74/147 12/13/147
f 12/13/148 53/74/148 41/73/148 2/10/148
f 58/79/149 20/28/149 25/31/149 61/80/149
f 61/80/150 25/31/150 35/35/150 62/83/150
f 62/95/151 35/50/151 34/47/151 69/91/151
f 69/91/152 34/47/152 22/46/152 59/88/152
f 2/10/153 22/46/153 36/49/153 10/11/153
f 10/11/154 36/49/154 30/53/154 11/14/154
f 11/26/155 30/41/155 29/38/155 17/22/155
f 17/22/156 29/38/156 21/37/156 3/19/156
f 59/88/157 41/73/157 55/76/157 67/89/157
f 67/89/158 55/76/158 49/68/158 68/92/158
f 68/92/159 49/68/159 48/65/159 74/100/159
f 74/100/160 48/65/160 40/64/160 60/97/160
f 39/55/161 77/103/161 82/106/161 42/56/161
f 42/56/162 82/106/162 92/110/162 43/59/162
f 43/71/163 92/125/163 91/122/163 50/67/163
f 50/67/164 91/122/164 79/121/164 40/64/164
f 96/127/165 58/79/165 63/82/165 99/128/165
f 99/128/166 63/82/166 73/86/166 100/131/166
f 100/143/167 73/101/167 72/98/167 107/139/167
f 107/139/168 72/98/168 60/97/168 97/136/168
f 97/136/169 79/121/169 93/124/169 105/137/169
f 105/137/170 93/124/170 87/116/170 106/140/170
f 106/140/171 87/116/171 86/113/171 112/148/171
f 112/148/172 86/113/172 78/112/172 98/145/172
f 77/103/173 115/151/173 120/154/173 80/104/173
f 80/104/174 120/154/174 130/158/174 81/107/174
f 81/119/175 130/173/175 129/170/175 88/115/175
f 88/115/176 129/170/176 117/169/176 78/112/176
f 134/175/177 96/127/177 101/130/177 137/176/177
f 137/176/178 101/130/178 111/134/178 138/179/178
f 138/191/179 111/149/179 110/146/179 145/187/179
f 145/187/180 110/146/180 98/145/180 135/184/180
f 135/184/181 117/169/181 131/172/181 143/185/181
f 143/185/182 131/172/182 125/164/182 144/188/182
f 144/188/183 125/164/183 124/161/183 150/196/183
f 150/196/184 124/161/184 116/160/184 136/193/184
f 115/151/185 153/199/185 158/202/185 118/152/185
f 118/152/186 158/202/186 168/206/186 119/155/186
f 119/167/187 168/221/187 167/218/187 126/163/187
f 126/163/188 167/218/188 155/217/188 116/160/188
f 172/223/189 134/175/189 139/178/189 175/224/189
f 175/224/190 139/178/190 149/182/190 176/227/190
f 176/239/191 149/197/191 148/194/191 183/235/191
f 183/235/192 148/194/192 136/193/192 173/232/192
f 173/232/193 155/217/193 169/220/193 181/233/193
f 181/233/194 169/220/194 163/212/194 182/236/194
f 182/236/195 163/212/195 162/209/195 188/244/195
f 188/244/196 162/209/196 154/208/196 174/241/196
f 153/199/197 191/247/197 196/250/197 156/200/197
f 156/200/198 196/250/198 206/254/198 157/203/198
f 157/215/199 206/269/199 205/266/199 164/211/199
f 164/211/200 205/266/200 193/265/200 154/208/200
f 210/271/201 172/223/201 177/226/201 213/272/201
f 213/272/202 177/226/202 187/230/202 214/275/202
f 214/287/203 187/245/203 186/242/203 221/283/203
f 221/283/204 186/242/204 174/241/204 211/280/204
f 211/280/205 193/265/205 207/268/205 219/281/205
f 219/281/206 207/268/206 201/260/206 220/284/206
f 220/284/207 201/260/207 200/257/207 226/292/207
f 226/292/208 200/257/208 192/256/208 212/289/208
f 191/247/209 1/1/209 6/4/209 194/248/209
f 194/248/210 6/4/210 16/8/210 195/251/210
f 195/263/211 16/23/211 15/20/211 202/259/211
f 202/259/212 15/20/212 3/19/212 192/256/212
f 20/28/213 210/271/213 215/274/213 23/29/213
f 23/29/214 215/274/214 225/278/214 24/32/214
f 24/44/215 225/293/215 224/290/215 31/40/215
f 31/40/216 224/290/216 212/289/216 21/37/216
f 231/10/192 268/332/192 278/74/192 243/13/192
f 243/13/191 278/74/191 271/334/191 244/17/191
f 244/297/190 271/62/190 270/326/190 234/2/190
f 234/2/189 270/326/189 267/325/189 229/1/189
f 288/345/188 249/46/188 259/313/188 300/91/188
f 300/91/187 259/313/187 252/50/187 301/348/187
f 301/83/186 252/309/186 251/307/186 291/80/186
f 291/80/185 251/307/185 248/28/185 286/79/185
f 230/299/181 250/316/181 264/319/181 238/300/181
f 238/300/182 264/319/182 258/323/182 239/26/182
f 239/14/183 258/314/183 257/49/183 245/11/183
f 245/11/184 257/49/184 249/46/184 231/10/184
f 287/341/196 269/336/196 283/338/196 295/100/196
f 295/100/195 283/338/195 277/68/195 296/92/195
f 296/92/194 277/68/194 276/333/194 302/347/194
f 302/347/193 276/333/193 268/332/193 288/345/193
f 269/336/204 306/353/204 316/122/204 281/337/204
f 281/337/203 316/122/203 309/125/203 282/71/203
f 282/330/202 309/110/202 308/350/202 272/328/202
f 272/328/201 308/350/201 305/349/201 267/325/201
f 326/368/200 287/341/200 297/343/200 338/369/200
f 338/369/199 297/343/199 290/101/199 339/143/199
f 339/362/198 290/86/198 289/82/198 329/359/198
f 329/359/197 289/82/197 286/79/197 324/356/197
f 325/364/208 307/112/208 321/113/208 333/148/208
f 333/148/207 321/113/207 315/116/207 334/140/207
f 334/140/206 315/116/206 314/124/206 340/371/206
f 340/371/205 314/124/205 306/353/205 326/368/205
f 307/112/216 344/378/216 354/380/216 319/115/216
f 319/115/215 354/380/215 347/173/215 320/119/215
f 320/107/214 347/374/214 346/372/214 310/104/214
f 310/104/213 346/372/213 343/151/213 305/349/213
f 364/391/212 325/364/212 335/366/212 376/392/212
f 376/392/211 335/366/211 328/149/211 377/191/211
f 377/386/210 328/134/210 327/357/210 367/383/210
f 367/383/209 327/357/209 324/356/209 362/382/209
f 363/193/153 345/160/153 359/161/153 371/388/153
f 371/388/154 359/161/154 353/164/154 372/188/154
f 372/188/155 353/164/155 352/172/155 378/394/155
f 378/394/156 352/172/156 344/378/156 364/391/156
f 345/160/152 382/403/152 392/218/152 357/163/152
f 357/163/151 392/218/151 385/221/151 358/167/151
f 358/376/150 385/399/150 384/396/150 348/373/150
f 348/373/149 384/396/149 381/395/149 343/151/149
f 402/420/148 363/193/148 373/389/148 414/235/148
f 414/235/147 373/389/147 366/197/147 415/239/147
f 415/413/146 366/384/146 365/178/146 405/411/146
f 405/411/145 365/178/145 362/382/145 400/408/145
f 401/415/160 383/405/160 397/407/160 409/416/160
f 409/416/159 397/407/159 391/212/159 410/236/159
f 410/236/158 391/212/158 390/220/158 416/421/158
f 416/421/157 390/220/157 382/403/157 402/420/157
f 383/405/168 420/430/168 430/266/168 395/406/168
f 395/406/167 430/266/167 423/269/167 396/215/167
f 396/401/166 423/254/166 422/424/166 386/398/166
f 386/398/165 422/424/165 419/423/165 381/395/165
f 440/444/164 401/415/164 411/418/164 452/445/164
f 452/445/163 411/418/163 404/245/163 453/448/163
f 453/275/162 404/230/162 403/409/162 443/436/162
f 443/436/161 403/409/161 400/408/161 438/433/161
f 439/440/172 421/256/172 435/257/172 447/292/172
f 447/292/171 435/257/171 429/260/171 448/284/171
f 448/284/170 429/260/170 428/431/170 454/447/170
f 454/447/169 428/431/169 420/430/169 440/444/169
f 421/256/180 230/299/180 240/302/180 433/259/180
f 433/259/179 240/302/179 233/303/179 434/263/179
f 434/428/178 233/295/178 232/4/178 424/426/178
f 424/426/177 232/4/177 229/1/177 419/423/177
f 250/316/176 439/440/176 449/442/176 262/317/176
f 262/317/175 449/442/175 442/293/175 263/320/175
f 263/311/174 442/437/174 441/434/174 253/29/174
f 253/29/173 441/434/173 438/433/173 248/28/173
f 1/1/217 191/247/217 153/199/217 115/151/217 77/103/217 39/55/217
f 2/10/218 41/73/218 59/88/218 22/46/218
f 192/256/219 3/19/219 21/37/219 212/289/219
f 58/79/220 96/127/220 134/175/220 172/223/220 210/271/220 20/28/220
f 40/64/221 79/121/221 97/136/221 60/97/221
f 78/112/222 117/169/222 135/184/222 98/145/222
f 116/160/223 155/217/223 173/232/223 136/193/223
f 154/208/224 193/265/224 211/280/224 174/241/224
f 229/1/220 267/325/220 305/349/220 343/151/220 381/395/220 419/423/220
f 231/10/223 249/46/223 288/345/223 268/332/223
f 421/256/222 439/440/222 250/316/222 230/299/222
f 286/79/217 248/28/217 438/433/217 400/408/217 362/382/217 324/356/217
f 269/336/224 287/341/224 326/368/224 306/353/224
f 307/112/219 325/364/219 364/391/219 344/378/219
f 345/160/218 363/193/218 402/420/218 382/403/218
f 383/405/221 401/415/221 440/444/221 420/430/221
o Cylinder.002
v 1.100855 3.444150 0.455471
v 1.155872 3.450992 0.506538
v 1.079272 3.495217 0.506538
v 1.121304 3.445719 0.459358
v 1.138940 3.447571 0.470428
v 1.091990 3.462644 0.459358
v 1.112752 3.464757 0.464050
v 1.127571 3.465313 0.473025
v 1.118712 3.475079 0.477054
v 1.142819 3.468965 0.506538
v 1.123678 3.483680 0.506538
v 1.151079 3.449422 0.486995
v 1.136945 3.467765 0.486506
v 1.121443 3.479810 0.487522
v 1.080309 3.490281 0.486995
v 1.084775 3.478843 0.470428
v 1.101363 3.492899 0.506538
v 1.103261 3.487213 0.486506
v 1.105825 3.477868 0.473025
v 1.100855 3.444150 0.952570
v 1.079272 3.495217 0.901503
v 1.155872 3.450992 0.901503
v 1.091990 3.462644 0.948683
v 1.084775 3.478843 0.937613
v 1.121304 3.445719 0.948683
v 1.112752 3.464757 0.943991
v 1.105825 3.477868 0.935016
v 1.118712 3.475079 0.930987
v 1.101363 3.492899 0.901503
v 1.123678 3.483680 0.901503
v 1.080309 3.490281 0.921046
v 1.103261 3.487213 0.921535
v 1.121443 3.479810 0.920519
v 1.151079 3.449422 0.921046
v 1.138940 3.447571 0.937613
v 1.142819 3.468965 0.901503
v 1.136945 3.467765 0.921535
v 1.127571 3.465313 0.935016
v 1.571372 2.629191 0.455471
v 1.604805 2.584966 0.506538
v 1.604805 2.673417 0.506538
v 1.582955 2.612267 0.459358
v 1.593377 2.597919 0.470428
v 1.582955 2.646116 0.459358
v 1.595166 2.629191 0.464050
v 1.603057 2.616637 0.473025
v 1.607086 2.629191 0.477054
v 1.613844 2.605257 0.506538
v 1.617018 2.629191 0.506538
v 1.601049 2.588333 0.486995
v 1.609868 2.609744 0.486506
v 1.612548 2.629191 0.487522
v 1.601049 2.670050 0.486995
v 1.593377 2.660463 0.470428
v 1.613844 2.653126 0.506538
v 1.609868 2.648639 0.486506
v 1.603057 2.641746 0.473025
v 1.571372 2.629191 0.952570
v 1.604805 2.673417 0.901503
v 1.604805 2.584966 0.901503
v 1.582955 2.646116 0.948683
v 1.593377 2.660463 0.937613
v 1.582955 2.612267 0.948683
v 1.595166 2.629191 0.943991
v 1.603057 2.641746 0.935016
v 1.607086 2.629191 0.930987
v 1.613844 2.653126 0.901503
v 1.617018 2.629191 0.901503
v 1.601049 2.670050 0.921046
v 1.609868 2.648639 0.921535
v 1.612548 2.629191 0.920519
v 1.601049 2.588333 0.921046
v 1.593377 2.597919 0.937613
v 1.613844 2.605257 0.901503
v 1.609868 2.609744 0.921535
v 1.603057 2.616637 0.935016
v 1.100855 1.814233 0.455471
v 1.079272 1.763166 0.506538
v 1.155872 1.807391 0.506538
v 1.091990 1.795739 0.459358
v 1.084775 1.779540 0.470428
v 1.121304 1.812663 0.459358
v 1.112752 1.793626 0.464050
v 1.105825 1.780515 0.473025
v 1.118712 1.783303 0.477054
v 1.101363 1.765484 0.506538
v 1.123678 1.774702 0.506538
v 1.080309 1.768102 0.486995
v 1.103261 1.771170 0.486506
v 1.121443 1.778573 0.487522
v 1.151079 1.808961 0.486995
v 1.138940 1.810812 0.470428
v 1.142819 1.789418 0.506538
v 1.136945 1.790617 0.486506
v 1.127571 1.793070 0.473025
v 1.100855 1.814233 0.952570
v 1.155872 1.807391 0.901503
v 1.079272 1.763166 0.901503
v 1.121304 1.812663 0.948683
v 1.138940 1.810812 0.937613
v 1.091990 1.795739 0.948683
v 1.112752 1.793626 0.943991
v 1.127571 1.793070 0.935016
v 1.118712 1.783303 0.930987
v 1.142819 1.789418 0.901503
v 1.123678 1.774702 0.901503
v 1.151079 1.808961 0.921046
v 1.136945 1.790617 0.921535
v 1.121443 1.778573 0.920519
v 1.080309 1.768102 0.921046
v 1.084775 1.779540 0.937613
v 1.101363 1.765484 0.901503
v 1.103261 1.771170 0.921535
v 1.105825 1.780515 0.935016
v 0.159822 1.814233 0.455471
v 0.104805 1.807391 0.506538
v 0.181405 1.763166 0.506538
v 0.139374 1.812663 0.459358
v 0.121737 1.810812 0.470428
v 0.168687 1.795739 0.459358
v 0.147925 1.793626 0.464050
v 0.133107 1.793070 0.473025
v 0.141965 1.783304 0.477054
v 0.117858 1.789418 0.506538
v 0.136999 1.774702 0.506538
v 0.109599 1.808961 0.486995
v 0.123732 1.790617 0.486506
v 0.139234 1.778573 0.487522
v 0.180368 1.768102 0.486995
v 0.175902 1.779540 0.470428
v 0.159314 1.765484 0.506538
v 0.157416 1.771170 0.486506
v 0.154852 1.780515 0.473025
v 0.159822 1.814233 0.952570
v 0.181405 1.763166 0.901503
v 0.104805 1.807391 0.901503
v 0.168687 1.795739 0.948683
v 0.175902 1.779540 0.937613
v 0.139374 1.812663 0.948683
v 0.147925 1.793626 0.943991
v 0.154852 1.780515 0.935016
v 0.141965 1.783304 0.930987
v 0.159314 1.765484 0.901503
v 0.136999 1.774702 0.901503
v 0.180368 1.768102 0.921046
v 0.157416 1.771170 0.921535
v 0.139234 1.778573 0.920519
v 0.109599 1.808961 0.921046
v 0.121737 1.810812 0.937613
v 0.117858 1.789418 0.901503
v 0.123732 1.790617 0.921535
v 0.133107 1.793070 0.935016
v -0.310695 2.629191 0.455471
v -0.344128 2.673417 0.506538
v -0.344128 2.584966 0.506538
v -0.322278 2.646116 0.459358
v -0.332699 2.660463 0.470428
v -0.322278 2.612267 0.459358
v -0.334489 2.629191 0.464050
v -0.342380 2.641746 0.473025
v -0.346409 2.629191 0.477054
v -0.353167 2.653126 0.506538
v -0.356340 2.629191 0.506538
v -0.340372 2.670050 0.486995
v -0.349191 2.648639 0.486506
v -0.351871 2.629191 0.487522
v -0.340372 2.588333 0.486995
v -0.332699 2.597919 0.470428
v -0.353167 2.605257 0.506538
v -0.349191 2.609744 0.486506
v -0.342380 2.616637 0.473025
v -0.310695 2.629191 0.952570
v -0.344128 2.584966 0.901503
v -0.344128 2.673417 0.901503
v -0.322278 2.612267 0.948683
v -0.332699 2.597919 0.937613
v -0.322278 2.646116 0.948683
v -0.334489 2.629191 0.943991
v -0.342380 2.616637 0.935016
v -0.346409 2.629191 0.930987
v -0.353167 2.605257 0.901503
v -0.356340 2.629191 0.901503
v -0.340372 2.588333 0.921046
v -0.349191 2.609744 0.921535
v -0.351871 2.629191 0.920519
v -0.340372 2.670050 0.921046
v -0.332699 2.660463 0.937613
v -0.353167 2.653126 0.901503
v -0.349191 2.648639 0.921535
v -0.342380 2.641746 0.935016
v 0.159822 3.444150 0.455471
v 0.181405 3.495217 0.506538
v 0.104805 3.450992 0.506538
v 0.168687 3.462644 0.459358
v 0.175902 3.478843 0.470428
v 0.139374 3.445719 0.459358
v 0.147925 3.464757 0.464050
v 0.154852 3.477868 0.473025
v 0.141965 3.475079 0.477054
v 0.159314 3.492899 0.506538
v 0.136999 3.483680 0.506538
v 0.180368 3.490281 0.486995
v 0.157416 3.487213 0.486506
v 0.139234 3.479810 0.487522
v 0.109599 3.449422 0.486995
v 0.121737 3.447571 0.470428
v 0.117858 3.468965 0.506538
v 0.123732 3.467765 0.486506
v 0.133107 3.465313 0.473025
v 0.159822 3.444150 0.952570
v 0.104805 3.450992 0.901503
v 0.181405 3.495217 0.901503
v 0.139374 3.445719 0.948683
v 0.121737 3.447571 0.937613
v 0.168687 3.462644 0.948683
v 0.147925 3.464757 0.943991
v 0.133107 3.465313 0.935016
v 0.141965 3.475079 0.930987
v 0.117858 3.468965 0.901503
v 0.136999 3.483680 0.901503
v 0.109599 3.449422 0.921046
v 0.123732 3.467765 0.921535
v 0.139234 3.479810 0.920519
v 0.180368 3.490281 0.921046
v 0.175902 3.478843 0.937613
v 0.159314 3.492899 0.901503
v 0.157416 3.487213 0.921535
v 0.154852 3.477868 0.935016
v 1.100855 3.444150 0.455471
v 1.079272 3.495217 0.506538
v 1.155872 3.450992 0.506538
v 1.091990 3.462644 0.459358
v 1.084775 3.478843 0.470428
v 1.121304 3.445719 0.459358
v 1.112752 3.464757 0.464050
v 1.105825 3.477868 0.473025
v 1.118712 3.475079 0.477054
v 1.101363 3.492899 0.506538
v 1.123678 3.483680 0.506538
v 1.080309 3.490281 0.486995
v 1.103261 3.487213 0.486506
v 1.121443 3.479810 0.487522
v 1.151079 3.449422 0.486995
v 1.138940 3.447571 0.470428
v 1.142819 3.468965 0.506538
v 1.136945 3.467765 0.486506
v 1.127571 3.465313 0.473025
v 1.100855 3.444150 0.952570
v 1.155872 3.450992 0.901503
v 1.079272 3.495217 0.901503
v 1.121304 3.445719 0.948683
v 1.138940 3.447571 0.937613
v 1.091990 3.462644 0.948683
v 1.112752 3.464757 0.943991
v 1.127571 3.465313 0.935016
v 1.118712 3.475079 0.930987
v 1.142819 3.468965 0.901503
v 1.123678 3.483680 0.901503
v 1.151079 3.449422 0.921046
v 1.136945 3.467765 0.921535
v 1.121443 3.479810 0.920519
v 1.080309 3.490281 0.921046
v 1.084775 3.478843 0.937613
v 1.101363 3.492899 0.901503
v 1.103261 3.487213 0.921535
v 1.105825 3.477868 0.935016
v 1.571372 2.629191 0.455471
v 1.604805 2.673417 0.506538
v 1.604805 2.584966 0.506538
v 1.582955 2.646116 0.459358
v 1.593377 2.660463 0.470428
v 1.582955 2.612267 0.459358
v 1.595166 2.629191 0.464050
v 1.603057 2.641746 0.473025
v 1.607086 2.629191 0.477054
v 1.613844 2.653126 0.506538
v 1.617018 2.629191 0.506538
v 1.601049 2.670050 0.486995
v 1.609868 2.648639 0.486506
v 1.612548 2.629191 0.487522
v 1.601049 2.588333 0.486995
v 1.593377 2.597919 0.470428
v 1.613844 2.605257 0.506538
v 1.609868 2.609744 0.486506
v 1.603057 2.616637 0.473025
v 1.571372 2.629191 0.952570
v 1.604805 2.584966 0.901503
v 1.604805 2.673417 0.901503
v 1.582955 2.612267 0.948683
v 1.593377 2.597919 0.937613
v 1.582955 2.646116 0.948683
v 1.595166 2.629191 0.943991
v 1.603057 2.616637 0.935016
v 1.607086 2.629191 0.930987
v 1.613844 2.605257 0.901503
v 1.617018 2.629191 0.901503
v 1.601049 2.588333 0.921046
v 1.609868 2.609744 0.921535
v 1.612548 2.629191 0.920519
v 1.601049 2.670050 0.921046
v 1.593377 2.660463 0.937613
v 1.613844 2.653126 0.901503
v 1.609868 2.648639 0.921535
v 1.603057 2.641746 0.935016
v 1.100855 1.814233 0.455471
v 1.155872 1.807391 0.506538
v 1.079272 1.763166 0.506538
v 1.121304 1.812663 0.459358
v 1.138940 1.810812 0.470428
v 1.091990 1.795739 0.459358
v 1.112752 1.793626 0.464050
v 1.127571 1.793070 0.473025
v 1.118712 1.783303 0.477054
v 1.142819 1.789418 0.506538
v 1.123678 1.774702 0.506538
v 1.151079 1.808961 0.486995
v 1.136945 1.790617 0.486506
v 1.121443 1.778573 0.487522
v 1.080309 1.768102 0.486995
v 1.084775 1.779540 0.470428
v 1.101363 1.765484 0.506538
v 1.103261 1.771170 0.486506
v 1.105825 1.780515 0.473025
v 1.100855 1.814233 0.952570
v 1.079272 1.763166 0.901503
v 1.155872 1.807391 0.901503
v 1.091990 1.795739 0.948683
v 1.084775 1.779540 0.937613
v 1.121304 1.812663 0.948683
v 1.112752 1.793626 0.943991
v 1.105825 1.780515 0.935016
v 1.118712 1.783303 0.930987
v 1.101363 1.765484 0.901503
v 1.123678 1.774702 0.901503
v 1.080309 1.768102 0.921046
v 1.103261 1.771170 0.921535
v 1.121443 1.778573 0.920519
v 1.151079 1.808961 0.921046
v 1.138940 1.810812 0.937613
v 1.142819 1.789418 0.901503
v 1.136945 1.790617 0.921535
v 1.127571 1.793070 0.935016
v 0.159822 1.814233 0.455471
v 0.181405 1.763166 0.506538
v 0.104805 1.807391 0.506538
v 0.168687 1.795739 0.459358
v 0.175902 1.779540 0.470428
v 0.139374 1.812663 0.459358
v 0.147925 1.793626 0.464050
v 0.154852 1.780515 0.473025
v 0.141965 1.783304 0.477054
v 0.159314 1.765484 0.506538
v 0.136999 1.774702 0.506538
v 0.180368 1.768102 0.486995
v 0.157416 1.771170 0.486506
v 0.139234 1.778573 0.487522
v 0.109599 1.808961 0.486995
v 0.121737 1.810812 0.470428
v 0.117858 1.789418 0.506538
v 0.123732 1.790617 0.486506
v 0.133107 1.793070 0.473025
v 0.159822 1.814233 0.952570
v 0.104805 1.807391 0.901503
v 0.181405 1.763166 0.901503
v 0.139374 1.812663 0.948683
v 0.121737 1.810812 0.937613
v 0.168687 1.795739 0.948683
v 0.147925 1.793626 0.943991
v 0.133107 1.793070 0.935016
v 0.141965 1.783304 0.930987
v 0.117858 1.789418 0.901503
v 0.136999 1.774702 0.901503
v 0.109599 1.808961 0.921046
v 0.123732 1.790617 0.921535
v 0.139234 1.778573 0.920519
v 0.180368 1.768102 0.921046
v 0.175902 1.779540 0.937613
v 0.159314 1.765484 0.901503
v 0.157416 1.771170 0.921535
v 0.154852 1.780515 0.935016
v -0.310695 2.629191 0.455471
v -0.344128 2.584966 0.506538
v -0.344128 2.673417 0.506538
v -0.322278 2.612267 0.459358
v -0.332699 2.597919 0.470428
v -0.322278 2.646116 0.459358
v -0.334489 2.629191 0.464050
v -0.342380 2.616637 0.473025
v -0.346409 2.629191 0.477054
v -0.353167 2.605257 0.506538
v -0.356340 2.629191 0.506538
v -0.340372 2.588333 0.486995
v -0.349191 2.609744 0.486506
v -0.351871 2.629191 0.487522
v -0.340372 2.670050 0.486995
v -0.332699 2.660463 0.470428
v -0.353167 2.653126 0.506538
v -0.349191 2.648639 0.486506
v -0.342380 2.641746 0.473025
v -0.310695 2.629191 0.952570
v -0.344128 2.673417 0.901503
v -0.344128 2.584966 0.901503
v -0.322278 2.646116 0.948683
v -0.332699 2.660463 0.937613
v -0.322278 2.612267 0.948683
v -0.334489 2.629191 0.943991
v -0.342380 2.641746 0.935016
v -0.346409 2.629191 0.930987
v -0.353167 2.653126 0.901503
v -0.356340 2.629191 0.901503
v -0.340372 2.670050 0.921046
v -0.349191 2.648639 0.921535
v -0.351871 2.629191 0.920519
v -0.340372 2.588333 0.921046
v -0.332699 2.597919 0.937613
v -0.353167 2.605257 0.901503
v -0.349191 2.609744 0.921535
v -0.342380 2.616637 0.935016
v 0.159822 3.444150 0.455471
v 0.104805 3.450992 0.506538
v 0.181405 3.495217 0.506538
v 0.139374 3.445719 0.459358
v 0.121737 3.447571 0.470428
v 0.168687 3.462644 0.459358
v 0.147925 3.464757 0.464050
v 0.133107 3.465313 0.473025
v 0.141965 3.475079 0.477054
v 0.117858 3.468965 0.506538
v 0.136999 3.483680 0.506538
v 0.109599 3.449422 0.486995
v 0.123732 3.467765 0.486506
v 0.139234 3.479810 0.487522
v 0.180368 3.490281 0.486995
v 0.175902 3.478843 0.470428
v 0.159314 3.492899 0.506538
v 0.157416 3.487213 0.486506
v 0.154852 3.477868 0.473025
v 0.159822 3.444150 0.952570
v 0.181405 3.495217 0.901503
v 0.104805 3.450992 0.901503
v 0.168687 3.462644 0.948683
v 0.175902 3.478843 0.937613
v 0.139374 3.445719 0.948683
v 0.147925 3.464757 0.943991
v 0.154852 3.477868 0.935016
v 0.141965 3.475079 0.930987
v 0.159314 3.492899 0.901503
v 0.136999 3.483680 0.901503
v 0.180368 3.490281 0.921046
v 0.157416 3.487213 0.921535
v 0.139234 3.479810 0.920519
v 0.109599 3.449422 0.921046
v 0.121737 3.447571 0.937613
v 0.117858 3.468965 0.901503
v 0.123732 3.467765 0.921535
v 0.133107 3.465313 0.935016
vn -0.1696 -0.2937 0.9407
vn -0.4585 -0.4051 0.7910
vn -0.1216 -0.5996 0.7910
vn -0.3686 -0.6384 0.6757
vn -0.7768 -0.5781 0.2498
vn -0.5917 -0.7745 0.2234
vn -0.6668 -0.5034 0.5495
vn -0.5290 -0.7014 0.4778
vn -0.1123 -0.9618 0.2498
vn -0.1025 -0.8292 0.5495
vn -0.3749 -0.8997 0.2234
vn -0.3429 -0.8088 0.4778
vn -0.1696 -0.2937 -0.9407
vn -0.1216 -0.5996 -0.7910
vn -0.4585 -0.4051 -0.7910
vn -0.3686 -0.6384 -0.6757
vn -0.1123 -0.9618 -0.2498
vn -0.3749 -0.8997 -0.2234
vn -0.1025 -0.8292 -0.5495
vn -0.3429 -0.8088 -0.4778
vn -0.7768 -0.5781 -0.2498
vn -0.6668 -0.5034 -0.5495
vn -0.5917 -0.7745 -0.2234
vn -0.5290 -0.7014 -0.4778
vn -0.3392 -0.0000 0.9407
vn -0.5801 0.1945 0.7910
vn -0.5801 -0.1945 0.7910
vn -0.7372 -0.0000 0.6757
vn -0.8891 0.3836 0.2498
vn -0.9666 0.1252 0.2234
vn -0.7693 0.3258 0.5495
vn -0.8719 0.1074 0.4778
vn -0.8890 -0.3836 0.2498
vn -0.7693 -0.3258 0.5495
vn -0.9666 -0.1252 0.2234
vn -0.8719 -0.1074 0.4778
vn -0.3392 -0.0000 -0.9407
vn -0.5801 -0.1945 -0.7910
vn -0.5801 0.1945 -0.7910
vn -0.7372 -0.0000 -0.6757
vn -0.8890 -0.3836 -0.2498
vn -0.9666 -0.1252 -0.2234
vn -0.7693 -0.3258 -0.5495
vn -0.8719 -0.1074 -0.4778
vn -0.8891 0.3836 -0.2498
vn -0.7693 0.3258 -0.5495
vn -0.9666 0.1252 -0.2234
vn -0.8719 0.1074 -0.4778
vn -0.1696 0.2937 0.9407
vn -0.1216 0.5996 0.7910
vn -0.4585 0.4051 0.7910
vn -0.3686 0.6384 0.6757
vn -0.1123 0.9618 0.2498
vn -0.3749 0.8997 0.2234
vn -0.1025 0.8292 0.5495
vn -0.3429 0.8088 0.4778
vn -0.7768 0.5781 0.2498
vn -0.6668 0.5034 0.5495
vn -0.5917 0.7745 0.2234
vn -0.5290 0.7014 0.4778
vn -0.1696 0.2937 -0.9407
vn -0.4585 0.4051 -0.7910
vn -0.1216 0.5996 -0.7910
vn -0.3686 0.6384 -0.6757
vn -0.7768 0.5781 -0.2498
vn -0.5917 0.7745 -0.2234
vn -0.6668 0.5034 -0.5495
vn -0.5290 0.7014 -0.4778
vn -0.1123 0.9618 -0.2498
vn -0.1025 0.8292 -0.5495
vn -0.3749 0.8997 -0.2234
vn -0.3429 0.8088 -0.4778
vn 0.1696 0.2937 0.9407
vn 0.4585 0.4051 0.7910
vn 0.1216 0.5996 0.7910
vn 0.3686 0.6384 0.6757
vn 0.7768 0.5781 0.2498
vn 0.5917 0.7745 0.2234
vn 0.6668 0.5034 0.5495
vn 0.5290 0.7014 0.4778
vn 0.1123 0.9618 0.2498
vn 0.1025 0.8292 0.5495
vn 0.3749 0.8997 0.2234
vn 0.3429 0.8088 0.4778
vn 0.1696 0.2937 -0.9407
vn 0.1216 0.5996 -0.7910
vn 0.4585 0.4051 -0.7910
vn 0.3686 0.6384 -0.6757
vn 0.1123 0.9618 -0.2498
vn 0.3749 0.8997 -0.2234
vn 0.1025 0.8292 -0.5495
vn 0.3429 0.8088 -0.4778
vn 0.7768 0.5781 -0.2498
vn 0.6668 0.5034 -0.5495
vn 0.5917 0.7745 -0.2234
vn 0.5290 0.7014 -0.4778
vn 0.3392 -0.0000 0.9407
vn 0.5801 -0.1945 0.7910
vn 0.5801 0.1945 0.7910
vn 0.7372 -0.0000 0.6757
vn 0.8891 -0.3836 0.2498
vn 0.9666 -0.1252 0.2234
vn 0.7693 -0.3258 0.5495
vn 0.8719 -0.1074 0.4778
vn 0.8890 0.3836 0.2498
vn 0.7693 0.3258 0.5495
vn 0.9666 0.1252 0.2234
vn 0.8719 0.1074 0.4778
vn 0.3392 -0.0000 -0.9407
vn 0.5801 0.1945 -0.7910
vn 0.5801 -0.1945 -0.7910
vn 0.7372 -0.0000 -0.6757
vn 0.8890 0.3836 -0.2498
vn 0.9666 0.1252 -0.2234
vn 0.7693 0.3258 -0.5495
vn 0.8719 0.1074 -0.4778
vn 0.8891 -0.3836 -0.2498
vn 0.7693 -0.3258 -0.5495
vn 0.9666 -0.1252 -0.2234
vn 0.8719 -0.1074 -0.4778
vn 0.1696 -0.2937 0.9407
vn 0.1216 -0.5996 0.7910
vn 0.4585 -0.4051 0.7910
vn 0.3686 -0.6384 0.6757
vn 0.1123 -0.9618 0.2498
vn 0.3749 -0.8997 0.2234
vn 0.1025 -0.8292 0.5495
vn 0.3429 -0.8088 0.4778
vn 0.7768 -0.5781 0.2498
vn 0.6668 -0.5034 0.5495
vn 0.5917 -0.7745 0.2234
vn 0.5290 -0.7014 0.4778
vn 0.1696 -0.2937 -0.9407
vn 0.4585 -0.4051 -0.7910
vn 0.1216 -0.5996 -0.7910
vn 0.3686 -0.6384 -0.6757
vn 0.7768 -0.5781 -0.2498
vn 0.5917 -0.7745 -0.2234
vn 0.6668 -0.5034 -0.5495
vn 0.5290 -0.7014 -0.4778
vn 0.1123 -0.9618 -0.2498
vn 0.1025 -0.8292 -0.5495
vn 0.3749 -0.8997 -0.2234
vn 0.3429 -0.8088 -0.4778
vn -0.1781 -0.1028 0.9786
vn -0.4886 -0.2821 0.8256
vn -0.7127 -0.4115 0.5682
vn -0.8397 -0.4848 0.2449
vn -0.1781 -0.1028 -0.9786
vn -0.4886 -0.2821 -0.8256
vn -0.7127 -0.4115 -0.5681
vn -0.8397 -0.4848 -0.2449
vn -0.8091 -0.5876 -0.0000
vn -0.6095 -0.7928 -0.0000
vn -0.3818 -0.9242 -0.0000
vn -0.1043 -0.9945 -0.0000
vn -0.9135 -0.4069 -0.0000
vn -0.9913 -0.1315 -0.0000
vn -0.9913 0.1315 -0.0000
vn -0.9135 0.4069 -0.0000
vn -0.1781 0.1028 0.9786
vn -0.4886 0.2821 0.8256
vn -0.7127 0.4115 0.5682
vn -0.8397 0.4848 0.2449
vn -0.1781 0.1028 -0.9786
vn -0.4886 0.2821 -0.8256
vn -0.7127 0.4115 -0.5682
vn -0.8397 0.4848 -0.2449
vn -0.8091 0.5876 -0.0000
vn -0.6095 0.7928 -0.0000
vn -0.3818 0.9242 -0.0000
vn -0.1043 0.9945 -0.0000
vn -0.0000 0.2057 0.9786
vn -0.0000 0.5642 0.8256
vn -0.0000 0.8229 0.5681
vn -0.0000 0.9696 0.2449
vn -0.0000 0.2057 -0.9786
vn -0.0000 0.5642 -0.8256
vn -0.0000 0.8229 -0.5682
vn -0.0000 0.9696 -0.2449
vn 0.1043 0.9945 -0.0000
vn 0.3818 0.9242 -0.0000
vn 0.6095 0.7928 -0.0000
vn 0.8091 0.5876 -0.0000
vn 0.1781 0.1028 0.9786
vn 0.4886 0.2821 0.8256
vn 0.7127 0.4115 0.5682
vn 0.8397 0.4848 0.2449
vn 0.1781 0.1028 -0.9786
vn 0.4886 0.2821 -0.8256
vn 0.7127 0.4115 -0.5681
vn 0.8397 0.4848 -0.2449
vn 0.9135 0.4069 -0.0000
vn 0.9913 0.1315 -0.0000
vn 0.9913 -0.1315 -0.0000
vn 0.9135 -0.4069 -0.0000
vn 0.1781 -0.1028 0.9786
vn 0.4886 -0.2821 0.8256
vn 0.7127 -0.4115 0.5682
vn 0.8397 -0.4848 0.2449
vn 0.1781 -0.1028 -0.9786
vn 0.4886 -0.2821 -0.8256
vn 0.7127 -0.4115 -0.5682
vn 0.8397 -0.4848 -0.2449
vn 0.8091 -0.5876 -0.0000
vn 0.6095 -0.7928 -0.0000
vn 0.3818 -0.9242 -0.0000
vn 0.1043 -0.9945 -0.0000
vn -0.0000 -0.2057 0.9786
vn -0.0000 -0.5642 0.8256
vn -0.0000 -0.8229 0.5681
vn -0.0000 -0.9696 0.2449
vn -0.0000 -0.2057 -0.9786
vn -0.0000 -0.5642 -0.8256
vn -0.0000 -0.8229 -0.5682
vn -0.0000 -0.9696 -0.2449
vn -0.0000 -0.0000 1.0000
vn -0.8660 -0.5000 -0.0000
vn -0.0000 -1.0000 -0.0000
vn -0.0000 -0.0000 -1.0000
vn -0.8660 0.5000 -0.0000
vn -0.0000 1.0000 -0.0000
vn 0.8660 0.5000 -0.0000
vn 0.8660 -0.5000 -0.0000
vt 0.750000 0.475848
vt 0.754062 0.478628
vt 0.750000 0.481559
vt 0.745938 0.478628
vt 0.759470 0.484532
vt 0.755095 0.487058
vt 0.744905 0.487058
vt 0.740530 0.484532
vt 0.752416 0.488605
vt 0.991489 0.551365
vt 0.995171 0.551365
vt 0.995487 0.531216
vt 0.991662 0.531708
vt 1.000000 0.551365
vt 1.000000 0.532238
vt 0.995914 0.500000
vt 0.992406 0.500000
vt 1.000000 0.521709
vt 0.008511 0.551365
vt 0.008338 0.531708
vt 0.004513 0.531216
vt 0.004829 0.551365
vt 0.007594 0.500000
vt 0.004086 0.500000
vt -0.000000 0.532238
vt -0.000000 0.551365
vt 0.001938 0.500000
vt 0.250000 0.475848
vt 0.245938 0.478628
vt 0.250000 0.481559
vt 0.254062 0.478628
vt 0.240530 0.484532
vt 0.244905 0.487058
vt 0.255095 0.487058
vt 0.259470 0.484532
vt 0.247583 0.488605
vt 0.008511 0.948635
vt 0.004829 0.948635
vt 0.004513 0.968784
vt 0.008338 0.968292
vt -0.000000 0.948635
vt -0.000000 0.967762
vt 0.004086 1.000000
vt 0.007594 1.000000
vt -0.000000 0.978291
vt 0.991489 0.948635
vt 0.991662 0.968292
vt 0.995487 0.968784
vt 0.995171 0.948635
vt 0.992406 1.000000
vt 0.995914 1.000000
vt 1.000000 0.967762
vt 1.000000 0.948635
vt 0.998062 1.000000
vt 0.945590 0.362924
vt 0.950029 0.360796
vt 0.950536 0.365779
vt 0.945967 0.367832
vt 0.957846 0.359065
vt 0.957846 0.364117
vt 0.952751 0.372942
vt 0.948376 0.375468
vt 0.957846 0.367210
vt 0.824822 0.551365
vt 0.828504 0.551365
vt 0.828820 0.531216
vt 0.824995 0.531708
vt 0.833333 0.551365
vt 0.833333 0.532238
vt 0.829248 0.500000
vt 0.825739 0.500000
vt 0.834302 0.510855
vt 0.841844 0.551365
vt 0.841672 0.531708
vt 0.837846 0.531216
vt 0.838163 0.551365
vt 0.840927 0.500000
vt 0.837419 0.500000
vt 0.445590 0.362924
vt 0.445967 0.367832
vt 0.450536 0.365779
vt 0.450029 0.360796
vt 0.448376 0.375468
vt 0.452751 0.372942
vt 0.457846 0.364117
vt 0.457846 0.359065
vt 0.455430 0.371395
vt 0.841844 0.948635
vt 0.838163 0.948635
vt 0.837846 0.968784
vt 0.841672 0.968292
vt 0.833333 0.948635
vt 0.833333 0.967762
vt 0.837419 1.000000
vt 0.840927 1.000000
vt 0.832364 0.989145
vt 0.824822 0.948635
vt 0.824995 0.968292
vt 0.828820 0.968784
vt 0.828504 0.948635
vt 0.825739 1.000000
vt 0.829248 1.000000
vt 0.945590 0.137076
vt 0.945967 0.132168
vt 0.950536 0.134221
vt 0.950029 0.139204
vt 0.948376 0.124532
vt 0.952751 0.127058
vt 0.957846 0.135883
vt 0.957846 0.140935
vt 0.955430 0.128605
vt 0.658156 0.551365
vt 0.661837 0.551365
vt 0.662154 0.531216
vt 0.658328 0.531708
vt 0.666667 0.551365
vt 0.666667 0.532238
vt 0.662581 0.500000
vt 0.659073 0.500000
vt 0.667635 0.510855
vt 0.675178 0.551365
vt 0.675005 0.531708
vt 0.671179 0.531216
vt 0.671496 0.551365
vt 0.674260 0.500000
vt 0.670752 0.500000
vt 0.445590 0.137076
vt 0.450029 0.139204
vt 0.450536 0.134221
vt 0.445967 0.132168
vt 0.457846 0.140935
vt 0.457846 0.135883
vt 0.452751 0.127058
vt 0.448376 0.124532
vt 0.457846 0.132790
vt 0.675178 0.948635
vt 0.671496 0.948635
vt 0.671179 0.968784
vt 0.675005 0.968292
vt 0.666667 0.948635
vt 0.666667 0.967762
vt 0.670752 1.000000
vt 0.674260 1.000000
vt 0.665698 0.989145
vt 0.658155 0.948635
vt 0.658328 0.968292
vt 0.662154 0.968784
vt 0.661837 0.948635
vt 0.659073 1.000000
vt 0.662581 1.000000
vt 0.750000 0.024152
vt 0.745938 0.021372
vt 0.750000 0.018441
vt 0.754062 0.021372
vt 0.740530 0.015468
vt 0.744905 0.012942
vt 0.755095 0.012942
vt 0.759470 0.015468
vt 0.747584 0.011395
vt 0.491489 0.551365
vt 0.495171 0.551365
vt 0.495487 0.531216
vt 0.491662 0.531708
vt 0.500000 0.551365
vt 0.500000 0.532238
vt 0.495914 0.500000
vt 0.492406 0.500000
vt 0.500969 0.510855
vt 0.508511 0.551365
vt 0.508338 0.531708
vt 0.504513 0.531216
vt 0.504829 0.551365
vt 0.507594 0.500000
vt 0.504086 0.500000
vt 0.250000 0.024152
vt 0.254062 0.021372
vt 0.250000 0.018441
vt 0.245938 0.021372
vt 0.259470 0.015468
vt 0.255095 0.012942
vt 0.244905 0.012942
vt 0.240530 0.015468
vt 0.252417 0.011395
vt 0.508511 0.948635
vt 0.504829 0.948635
vt 0.504513 0.968784
vt 0.508338 0.968292
vt 0.500000 0.948635
vt 0.500000 0.967762
vt 0.504086 1.000000
vt 0.507594 1.000000
vt 0.499031 0.989145
vt 0.491489 0.948635
vt 0.491662 0.968292
vt 0.495487 0.968784
vt 0.495171 0.948635
vt 0.492406 1.000000
vt 0.495914 1.000000
vt 0.554410 0.137076
vt 0.549971 0.139204
vt 0.549464 0.134221
vt 0.554033 0.132168
vt 0.542154 0.140935
vt 0.542154 0.135883
vt 0.547249 0.127058
vt 0.551624 0.124532
vt 0.542154 0.132790
vt 0.324822 0.551365
vt 0.328504 0.551365
vt 0.328820 0.531216
vt 0.324995 0.531708
vt 0.333333 0.551365
vt 0.333333 0.532238
vt 0.329248 0.500000
vt 0.325739 0.500000
vt 0.334302 0.510855
vt 0.341844 0.551365
vt 0.341671 0.531708
vt 0.337846 0.531216
vt 0.338163 0.551365
vt 0.340927 0.500000
vt 0.337419 0.500000
vt 0.054410 0.137076
vt 0.054033 0.132168
vt 0.049464 0.134221
vt 0.049971 0.139204
vt 0.051624 0.124532
vt 0.047249 0.127058
vt 0.042154 0.135883
vt 0.042154 0.140935
vt 0.044570 0.128605
vt 0.341844 0.948635
vt 0.338162 0.948635
vt 0.337846 0.968784
vt 0.341671 0.968292
vt 0.333333 0.948635
vt 0.333333 0.967762
vt 0.337419 1.000000
vt 0.340927 1.000000
vt 0.332364 0.989145
vt 0.324822 0.948635
vt 0.324995 0.968292
vt 0.328820 0.968784
vt 0.328504 0.948635
vt 0.325739 1.000000
vt 0.329248 1.000000
vt 0.554410 0.362924
vt 0.554033 0.367832
vt 0.549464 0.365779
vt 0.549972 0.360796
vt 0.551624 0.375468
vt 0.547249 0.372942
vt 0.542154 0.364117
vt 0.542154 0.359065
vt 0.544570 0.371395
vt 0.158155 0.551365
vt 0.161837 0.551365
vt 0.162154 0.531216
vt 0.158328 0.531708
vt 0.166667 0.551365
vt 0.166667 0.532238
vt 0.162581 0.500000
vt 0.159073 0.500000
vt 0.167635 0.510855
vt 0.175178 0.551365
vt 0.175005 0.531708
vt 0.171179 0.531216
vt 0.171496 0.551365
vt 0.174260 0.500000
vt 0.170752 0.500000
vt 0.054410 0.362924
vt 0.049971 0.360796
vt 0.049464 0.365779
vt 0.054033 0.367832
vt 0.042154 0.359065
vt 0.042154 0.364117
vt 0.047249 0.372942
vt 0.051624 0.375468
vt 0.042154 0.367210
vt 0.175178 0.948635
vt 0.171496 0.948635
vt 0.171179 0.968784
vt 0.175005 0.968292
vt 0.166667 0.948635
vt 0.166667 0.967762
vt 0.170752 1.000000
vt 0.174260 1.000000
vt 0.165698 0.989145
vt 0.158155 0.948635
vt 0.158328 0.968292
vt 0.162154 0.968784
vt 0.161837 0.948635
vt 0.159073 1.000000
vt 0.162581 1.000000
vt 0.740530 0.484532
vt 0.755095 0.487058
vt 0.759470 0.484532
vt 0.747583 0.488605
vt 0.008511 0.551365
vt 0.004829 0.551365
vt 0.004513 0.531216
vt 0.008338 0.531708
vt 0.007594 0.500000
vt -0.000000 0.521709
vt 0.995487 0.531216
vt 0.998062 0.500000
vt 0.254062 0.478628
vt 0.250000 0.481559
vt 0.259470 0.484532
vt 0.244905 0.487058
vt 0.240530 0.484532
vt 0.252417 0.488605
vt 0.991662 0.968292
vt 1.000000 0.948635
vt 1.000000 0.978291
vt 0.008511 0.948635
vt 0.008338 0.968292
vt 0.004513 0.968784
vt 0.004829 0.948635
vt 0.007594 1.000000
vt 0.004086 1.000000
vt -0.000000 0.967762
vt -0.000000 0.948635
vt 0.001938 1.000000
vt 0.945590 0.362924
vt 0.945967 0.367832
vt 0.950536 0.365779
vt 0.950029 0.360796
vt 0.952751 0.372942
vt 0.957846 0.359065
vt 0.955430 0.371395
vt 0.841844 0.551365
vt 0.838163 0.551365
vt 0.840927 0.500000
vt 0.832364 0.510855
vt 0.824822 0.551365
vt 0.824995 0.531708
vt 0.828504 0.551365
vt 0.452751 0.372942
vt 0.457846 0.367210
vt 0.824822 0.948635
vt 0.828820 0.968784
vt 0.824995 0.968292
vt 0.834302 0.989145
vt 0.841844 0.948635
vt 0.837846 0.968784
vt 0.838162 0.948635
vt 0.840927 1.000000
vt 0.945590 0.137076
vt 0.950029 0.139204
vt 0.950536 0.134221
vt 0.957846 0.132790
vt 0.675178 0.551365
vt 0.671179 0.531216
vt 0.665698 0.510855
vt 0.445590 0.137076
vt 0.445967 0.132168
vt 0.450536 0.134221
vt 0.450029 0.139204
vt 0.452751 0.127058
vt 0.457846 0.135883
vt 0.457846 0.140935
vt 0.455430 0.128605
vt 0.658156 0.948635
vt 0.662154 0.968784
vt 0.658328 0.968292
vt 0.667635 0.989145
vt 0.675178 0.948635
vt 0.675005 0.968292
vt 0.671179 0.968784
vt 0.671496 0.948635
vt 0.754062 0.021372
vt 0.745938 0.021372
vt 0.759470 0.015468
vt 0.744905 0.012942
vt 0.740530 0.015468
vt 0.752416 0.011395
vt 0.508511 0.551365
vt 0.504513 0.531216
vt 0.508338 0.531708
vt 0.499031 0.510855
vt 0.250000 0.024152
vt 0.254062 0.021372
vt 0.240530 0.015468
vt 0.255095 0.012942
vt 0.259470 0.015468
vt 0.247583 0.011395
vt 0.495171 0.948635
vt 0.491662 0.968292
vt 0.500969 0.989145
vt 0.508511 0.948635
vt 0.508338 0.968292
vt 0.504513 0.968784
vt 0.504829 0.948635
vt 0.554410 0.137076
vt 0.554033 0.132168
vt 0.549464 0.134221
vt 0.549971 0.139204
vt 0.551624 0.124532
vt 0.542154 0.135883
vt 0.542154 0.140935
vt 0.544570 0.128605
vt 0.341844 0.551365
vt 0.332364 0.510855
vt 0.324822 0.551365
vt 0.324995 0.531708
vt 0.328504 0.551365
vt 0.054410 0.137076
vt 0.049971 0.139204
vt 0.049464 0.134221
vt 0.054033 0.132168
vt 0.047249 0.127058
vt 0.051624 0.124532
vt 0.042154 0.132790
vt 0.324822 0.948635
vt 0.328504 0.948635
vt 0.328820 0.968784
vt 0.324995 0.968292
vt 0.334302 0.989145
vt 0.341844 0.948635
vt 0.338162 0.948635
vt 0.337419 1.000000
vt 0.554410 0.362924
vt 0.549971 0.360796
vt 0.549464 0.365779
vt 0.554033 0.367832
vt 0.547249 0.372942
vt 0.551624 0.375468
vt 0.542154 0.367210
vt 0.175178 0.551365
vt 0.171496 0.551365
vt 0.165698 0.510855
vt 0.054410 0.362924
vt 0.054033 0.367832
vt 0.049464 0.365779
vt 0.049971 0.360796
vt 0.051624 0.375468
vt 0.047249 0.372942
vt 0.044570 0.371395
vt 0.158155 0.948635
vt 0.162154 0.968784
vt 0.158328 0.968292
vt 0.167635 0.989145
vt 0.175178 0.948635
vt 0.175005 0.968292
vt 0.171179 0.968784
vt 0.171496 0.948635
vt 0.174260 1.000000
vt 0.170752 1.000000
s 1
usemtl Material.003
f 457/450/225 460/451/225 463/452/225 462/453/225
f 460/451/226 461/454/226 464/455/226 463/452/226
f 462/453/227 463/452/227 475/456/227 472/457/227
f 463/452/228 464/455/228 465/458/228 475/456/228
f 458/459/229 466/460/229 469/461/229 468/462/229
f 466/460/230 467/463/230 470/464/230 469/461/230
f 468/462/231 469/461/231 464/465/231 461/466/231
f 469/461/232 470/464/232 465/467/232 464/465/232
f 459/468/233 471/469/233 474/470/233 473/471/233
f 471/469/234 472/472/234 475/473/234 474/470/234
f 473/471/235 474/470/235 470/474/235 467/475/235
f 474/470/236 475/473/236 465/476/236 470/474/236
f 476/477/237 479/478/237 482/479/237 481/480/237
f 479/478/238 480/481/238 483/482/238 482/479/238
f 481/480/239 482/479/239 494/483/239 491/484/239
f 482/479/240 483/482/240 484/485/240 494/483/240
f 477/486/241 485/487/241 488/488/241 487/489/241
f 485/487/242 486/490/242 489/491/242 488/488/242
f 487/489/243 488/488/243 483/492/243 480/493/243
f 488/488/244 489/491/244 484/494/244 483/492/244
f 478/495/245 490/496/245 493/497/245 492/498/245
f 490/496/246 491/499/246 494/500/246 493/497/246
f 492/498/247 493/497/247 489/501/247 486/502/247
f 493/497/248 494/500/248 484/503/248 489/501/248
f 495/504/249 498/505/249 501/506/249 500/507/249
f 498/505/250 499/508/250 502/509/250 501/506/250
f 500/507/251 501/506/251 513/510/251 510/511/251
f 501/506/252 502/509/252 503/512/252 513/510/252
f 496/513/253 504/514/253 507/515/253 506/516/253
f 504/514/254 505/517/254 508/518/254 507/515/254
f 506/516/255 507/515/255 502/519/255 499/520/255
f 507/515/256 508/518/256 503/521/256 502/519/256
f 497/522/257 509/523/257 512/524/257 511/525/257
f 509/523/258 510/526/258 513/527/258 512/524/258
f 511/525/259 512/524/259 508/518/259 505/517/259
f 512/524/260 513/527/260 503/521/260 508/518/260
f 514/528/261 517/529/261 520/530/261 519/531/261
f 517/529/262 518/532/262 521/533/262 520/530/262
f 519/531/263 520/530/263 532/534/263 529/535/263
f 520/530/264 521/533/264 522/536/264 532/534/264
f 515/537/265 523/538/265 526/539/265 525/540/265
f 523/538/266 524/541/266 527/542/266 526/539/266
f 525/540/267 526/539/267 521/543/267 518/544/267
f 526/539/268 527/542/268 522/545/268 521/543/268
f 516/546/269 528/547/269 531/548/269 530/549/269
f 528/547/270 529/550/270 532/551/270 531/548/270
f 530/549/271 531/548/271 527/542/271 524/541/271
f 531/548/272 532/551/272 522/545/272 527/542/272
f 533/552/273 536/553/273 539/554/273 538/555/273
f 536/553/274 537/556/274 540/557/274 539/554/274
f 538/555/275 539/554/275 551/558/275 548/559/275
f 539/554/276 540/557/276 541/560/276 551/558/276
f 534/561/277 542/562/277 545/563/277 544/564/277
f 542/562/278 543/565/278 546/566/278 545/563/278
f 544/564/279 545/563/279 540/567/279 537/568/279
f 545/563/280 546/566/280 541/569/280 540/567/280
f 535/570/281 547/571/281 550/572/281 549/573/281
f 547/571/282 548/574/282 551/575/282 550/572/282
f 549/573/283 550/572/283 546/566/283 543/565/283
f 550/572/284 551/575/284 541/569/284 546/566/284
f 552/576/285 555/577/285 558/578/285 557/579/285
f 555/577/286 556/580/286 559/581/286 558/578/286
f 557/579/287 558/578/287 570/582/287 567/583/287
f 558/578/288 559/581/288 560/584/288 570/582/288
f 553/585/289 561/586/289 564/587/289 563/588/289
f 561/586/290 562/589/290 565/590/290 564/587/290
f 563/588/291 564/587/291 559/591/291 556/592/291
f 564/587/292 565/590/292 560/593/292 559/591/292
f 554/594/293 566/595/293 569/596/293 568/597/293
f 566/595/294 567/598/294 570/599/294 569/596/294
f 568/597/295 569/596/295 565/590/295 562/589/295
f 569/596/296 570/599/296 560/593/296 565/590/296
f 571/600/297 574/601/297 577/602/297 576/603/297
f 574/601/298 575/604/298 578/605/298 577/602/298
f 576/603/299 577/602/299 589/606/299 586/607/299
f 577/602/300 578/605/300 579/608/300 589/606/300
f 572/609/301 580/610/301 583/611/301 582/612/301
f 580/610/302 581/613/302 584/614/302 583/611/302
f 582/612/303 583/611/303 578/615/303 575/616/303
f 583/611/304 584/614/304 579/617/304 578/615/304
f 573/618/305 585/619/305 588/620/305 587/621/305
f 585/619/306 586/622/306 589/623/306 588/620/306
f 587/621/307 588/620/307 584/614/307 581/613/307
f 588/620/308 589/623/308 579/617/308 584/614/308
f 590/624/309 593/625/309 596/626/309 595/627/309
f 593/625/310 594/628/310 597/629/310 596/626/310
f 595/627/311 596/626/311 608/630/311 605/631/311
f 596/626/312 597/629/312 598/632/312 608/630/312
f 591/633/313 599/634/313 602/635/313 601/636/313
f 599/634/314 600/637/314 603/638/314 602/635/314
f 601/636/315 602/635/315 597/639/315 594/640/315
f 602/635/316 603/638/316 598/641/316 597/639/316
f 592/642/317 604/643/317 607/644/317 606/645/317
f 604/643/318 605/646/318 608/647/318 607/644/318
f 606/645/319 607/644/319 603/638/319 600/637/319
f 607/644/320 608/647/320 598/641/320 603/638/320
f 609/648/321 612/649/321 615/650/321 614/651/321
f 612/649/322 613/652/322 616/653/322 615/650/322
f 614/651/323 615/650/323 627/654/323 624/655/323
f 615/650/324 616/653/324 617/656/324 627/654/324
f 610/657/325 618/658/325 621/659/325 620/660/325
f 618/658/326 619/661/326 622/662/326 621/659/326
f 620/660/327 621/659/327 616/663/327 613/664/327
f 621/659/328 622/662/328 617/665/328 616/663/328
f 611/666/329 623/667/329 626/668/329 625/669/329
f 623/667/330 624/670/330 627/671/330 626/668/330
f 625/669/331 626/668/331 622/662/331 619/661/331
f 626/668/332 627/671/332 617/665/332 622/662/332
f 628/672/333 631/673/333 634/674/333 633/675/333
f 631/673/334 632/676/334 635/677/334 634/674/334
f 633/675/335 634/674/335 646/678/335 643/679/335
f 634/674/336 635/677/336 636/680/336 646/678/336
f 629/681/337 637/682/337 640/683/337 639/684/337
f 637/682/338 638/685/338 641/686/338 640/683/338
f 639/684/339 640/683/339 635/687/339 632/688/339
f 640/683/340 641/686/340 636/689/340 635/687/340
f 630/690/341 642/691/341 645/692/341 644/693/341
f 642/691/342 643/694/342 646/695/342 645/692/342
f 644/693/343 645/692/343 641/686/343 638/685/343
f 645/692/344 646/695/344 636/689/344 641/686/344
f 647/696/345 650/697/345 653/698/345 652/699/345
f 650/697/346 651/700/346 654/701/346 653/698/346
f 652/699/347 653/698/347 665/702/347 662/703/347
f 653/698/348 654/701/348 655/704/348 665/702/348
f 648/705/349 656/706/349 659/707/349 658/708/349
f 656/706/350 657/709/350 660/710/350 659/707/350
f 658/708/351 659/707/351 654/711/351 651/712/351
f 659/707/352 660/710/352 655/713/352 654/711/352
f 649/714/353 661/715/353 664/716/353 663/717/353
f 661/715/354 662/718/354 665/719/354 664/716/354
f 663/717/355 664/716/355 660/710/355 657/709/355
f 664/716/356 665/719/356 655/713/356 660/710/356
f 666/720/357 669/721/357 672/722/357 671/723/357
f 669/721/358 670/724/358 673/725/358 672/722/358
f 671/723/359 672/722/359 684/726/359 681/727/359
f 672/722/360 673/725/360 674/728/360 684/726/360
f 667/729/361 675/730/361 678/731/361 677/732/361
f 675/730/362 676/733/362 679/734/362 678/731/362
f 677/732/363 678/731/363 673/735/363 670/736/363
f 678/731/364 679/734/364 674/737/364 673/735/364
f 668/738/365 680/739/365 683/740/365 682/741/365
f 680/739/366 681/742/366 684/743/366 683/740/366
f 682/741/367 683/740/367 679/734/367 676/733/367
f 683/740/368 684/743/368 674/737/368 679/734/368
f 685/450/309 688/453/309 691/452/309 690/451/309
f 688/453/310 689/744/310 692/456/310 691/452/310
f 690/451/311 691/452/311 703/745/311 700/746/311
f 691/452/312 692/456/312 693/747/312 703/745/312
f 686/748/313 694/749/313 697/750/313 696/751/313
f 694/749/314 695/475/314 698/474/314 697/750/314
f 696/751/315 697/750/315 692/473/315 689/752/315
f 697/750/316 698/474/316 693/753/316 692/473/316
f 687/459/317 699/462/317 702/754/317 701/460/317
f 699/462/318 700/466/318 703/465/318 702/754/318
f 701/460/319 702/754/319 698/464/319 695/463/319
f 702/754/320 703/465/320 693/755/320 698/464/320
f 704/477/297 707/756/297 710/757/297 709/478/297
f 707/756/298 708/758/298 711/483/298 710/757/298
f 709/478/299 710/757/299 722/759/299 719/760/299
f 710/757/300 711/483/300 712/761/300 722/759/300
f 705/495/301 713/498/301 716/497/301 715/762/301
f 713/498/302 714/763/302 717/501/302 716/497/302
f 715/762/303 716/497/303 711/500/303 708/499/303
f 716/497/304 717/501/304 712/764/304 711/500/304
f 706/765/305 718/766/305 721/767/305 720/768/305
f 718/766/306 719/769/306 722/770/306 721/767/306
f 720/768/307 721/767/307 717/771/307 714/772/307
f 721/767/308 722/770/308 712/773/308 717/771/308
f 723/774/333 726/775/333 729/776/333 728/777/333
f 726/775/334 727/511/334 730/778/334 729/776/334
f 728/777/335 729/776/335 741/509/335 738/779/335
f 729/776/336 730/778/336 731/780/336 741/509/336
f 724/781/337 732/782/337 735/524/337 734/523/337
f 732/782/338 733/517/338 736/518/338 735/524/338
f 734/523/339 735/524/339 730/527/339 727/783/339
f 735/524/340 736/518/340 731/784/340 730/527/340
f 725/785/341 737/786/341 740/515/341 739/787/341
f 737/786/342 738/520/342 741/519/342 740/515/342
f 739/787/343 740/515/343 736/518/343 733/517/343
f 740/515/344 741/519/344 731/784/344 736/518/344
f 742/528/321 745/531/321 748/530/321 747/529/321
f 745/531/322 746/535/322 749/534/322 748/530/322
f 747/529/323 748/530/323 760/788/323 757/532/323
f 748/530/324 749/534/324 750/789/324 760/788/324
f 743/790/325 751/549/325 754/791/325 753/792/325
f 751/549/326 752/541/326 755/542/326 754/791/326
f 753/792/327 754/791/327 749/551/327 746/550/327
f 754/791/328 755/542/328 750/793/328 749/551/328
f 744/794/329 756/540/329 759/795/329 758/796/329
f 756/540/330 757/797/330 760/543/330 759/795/330
f 758/796/331 759/795/331 755/542/331 752/541/331
f 759/795/332 760/543/332 750/793/332 755/542/332
f 761/798/357 764/799/357 767/800/357 766/553/357
f 764/799/358 765/559/358 768/558/358 767/800/358
f 766/553/359 767/800/359 779/557/359 776/556/359
f 767/800/360 768/558/360 769/801/360 779/557/360
f 762/802/361 770/573/361 773/803/361 772/571/361
f 770/573/362 771/565/362 774/566/362 773/803/362
f 772/571/363 773/803/363 768/575/363 765/574/363
f 773/803/364 774/566/364 769/804/364 768/575/364
f 763/561/365 775/564/365 778/563/365 777/562/365
f 775/564/366 776/568/366 779/567/366 778/563/366
f 777/562/367 778/563/367 774/566/367 771/565/367
f 778/563/368 779/567/368 769/804/368 774/566/368
f 780/805/345 783/806/345 786/807/345 785/808/345
f 783/806/346 784/583/346 787/809/346 786/807/346
f 785/808/347 786/807/347 798/810/347 795/811/347
f 786/807/348 787/809/348 788/812/348 798/810/348
f 781/813/349 789/597/349 792/814/349 791/815/349
f 789/597/350 790/589/350 793/590/350 792/814/350
f 791/815/351 792/814/351 787/599/351 784/598/351
f 792/814/352 793/590/352 788/816/352 787/599/352
f 782/817/353 794/818/353 797/819/353 796/820/353
f 794/818/354 795/592/354 798/591/354 797/819/354
f 796/820/355 797/819/355 793/590/355 790/589/355
f 797/819/356 798/591/356 788/816/356 793/590/356
f 799/600/237 802/821/237 805/602/237 804/822/237
f 802/821/238 803/823/238 806/606/238 805/602/238
f 804/822/239 805/602/239 817/824/239 814/825/239
f 805/602/240 806/606/240 807/826/240 817/824/240
f 800/827/241 808/621/241 811/828/241 810/829/241
f 808/621/242 809/613/242 812/614/242 811/828/242
f 810/829/243 811/828/243 806/623/243 803/622/243
f 811/828/244 812/614/244 807/830/244 806/623/244
f 801/609/245 813/612/245 816/611/245 815/610/245
f 813/612/246 814/616/246 817/615/246 816/611/246
f 815/610/247 816/611/247 812/614/247 809/613/247
f 816/611/248 817/615/248 807/830/248 812/614/248
f 818/831/225 821/627/225 824/626/225 823/832/225
f 821/627/226 822/833/226 825/630/226 824/626/226
f 823/832/227 824/626/227 836/834/227 833/835/227
f 824/626/228 825/630/228 826/836/228 836/834/228
f 819/642/229 827/837/229 830/644/229 829/838/229
f 827/837/230 828/637/230 831/638/230 830/644/230
f 829/838/231 830/644/231 825/647/231 822/646/231
f 830/644/232 831/638/232 826/839/232 825/647/232
f 820/840/233 832/841/233 835/842/233 834/843/233
f 832/841/234 833/640/234 836/639/234 835/842/234
f 834/843/235 835/842/235 831/638/235 828/637/235
f 835/842/236 836/639/236 826/839/236 831/638/236
f 837/844/261 840/845/261 843/846/261 842/847/261
f 840/845/262 841/848/262 844/654/262 843/846/262
f 842/847/263 843/846/263 855/849/263 852/850/263
f 843/846/264 844/654/264 845/851/264 855/849/264
f 838/852/265 846/669/265 849/668/265 848/667/265
f 846/669/266 847/661/266 850/662/266 849/668/266
f 848/667/267 849/668/267 844/671/267 841/670/267
f 849/668/268 850/662/268 845/853/268 844/671/268
f 839/854/269 851/855/269 854/659/269 853/856/269
f 851/855/270 852/664/270 855/663/270 854/659/270
f 853/856/271 854/659/271 850/662/271 847/661/271
f 854/659/272 855/663/272 845/853/272 850/662/272
f 856/857/249 859/858/249 862/859/249 861/860/249
f 859/858/250 860/679/250 863/678/250 862/859/250
f 861/860/251 862/859/251 874/861/251 871/862/251
f 862/859/252 863/678/252 864/863/252 874/861/252
f 857/864/253 865/865/253 868/866/253 867/867/253
f 865/865/254 866/685/254 869/686/254 868/866/254
f 867/867/255 868/866/255 863/695/255 860/694/255
f 868/866/256 869/686/256 864/868/256 863/695/256
f 858/869/257 870/684/257 873/683/257 872/870/257
f 870/684/258 871/688/258 874/871/258 873/683/258
f 872/870/259 873/683/259 869/686/259 866/685/259
f 873/683/260 874/871/260 864/868/260 869/686/260
f 875/872/285 878/873/285 881/874/285 880/875/285
f 878/873/286 879/703/286 882/702/286 881/874/286
f 880/875/287 881/874/287 893/876/287 890/877/287
f 881/874/288 882/702/288 883/878/288 893/876/288
f 876/879/289 884/880/289 887/716/289 886/715/289
f 884/880/290 885/709/290 888/710/290 887/716/290
f 886/715/291 887/716/291 882/719/291 879/718/291
f 887/716/292 888/710/292 883/881/292 882/719/292
f 877/705/293 889/708/293 892/707/293 891/706/293
f 889/708/294 890/712/294 893/711/294 892/707/294
f 891/706/295 892/707/295 888/710/295 885/709/295
f 892/707/296 893/711/296 883/881/296 888/710/296
f 894/882/273 897/883/273 900/884/273 899/885/273
f 897/883/274 898/886/274 901/887/274 900/884/274
f 899/885/275 900/884/275 912/725/275 909/724/275
f 900/884/276 901/887/276 902/888/276 912/725/276
f 895/889/277 903/741/277 906/890/277 905/891/277
f 903/741/278 904/733/278 907/734/278 906/890/278
f 905/891/279 906/890/279 901/743/279 898/742/279
f 906/890/280 907/734/280 902/892/280 901/743/280
f 896/893/281 908/894/281 911/895/281 910/896/281
f 908/894/282 909/897/282 912/898/282 911/895/282
f 910/896/283 911/895/283 907/734/283 904/733/283
f 911/895/284 912/898/284 902/892/284 907/734/284
f 457/450/369 495/504/369 500/507/369 460/451/369
f 460/451/370 500/507/370 510/511/370 461/454/370
f 461/466/371 510/526/371 509/523/371 468/462/371
f 468/462/372 509/523/372 497/522/372 458/459/372
f 514/528/373 476/477/373 481/480/373 517/529/373
f 517/529/374 481/480/374 491/484/374 518/532/374
f 518/544/375 491/499/375 490/496/375 525/540/375
f 525/540/376 490/496/376 478/495/376 515/537/376
f 458/459/377 478/495/377 492/498/377 466/460/377
f 466/460/378 492/498/378 486/502/378 467/463/378
f 467/475/379 486/490/379 485/487/379 473/471/379
f 473/471/380 485/487/380 477/486/380 459/468/380
f 515/537/381 497/522/381 511/525/381 523/538/381
f 523/538/382 511/525/382 505/517/382 524/541/382
f 524/541/383 505/517/383 504/514/383 530/549/383
f 530/549/384 504/514/384 496/513/384 516/546/384
f 495/504/385 533/552/385 538/555/385 498/505/385
f 498/505/386 538/555/386 548/559/386 499/508/386
f 499/520/387 548/574/387 547/571/387 506/516/387
f 506/516/388 547/571/388 535/570/388 496/513/388
f 552/576/389 514/528/389 519/531/389 555/577/389
f 555/577/390 519/531/390 529/535/390 556/580/390
f 556/592/391 529/550/391 528/547/391 563/588/391
f 563/588/392 528/547/392 516/546/392 553/585/392
f 553/585/393 535/570/393 549/573/393 561/586/393
f 561/586/394 549/573/394 543/565/394 562/589/394
f 562/589/395 543/565/395 542/562/395 568/597/395
f 568/597/396 542/562/396 534/561/396 554/594/396
f 533/552/397 571/600/397 576/603/397 536/553/397
f 536/553/398 576/603/398 586/607/398 537/556/398
f 537/568/399 586/622/399 585/619/399 544/564/399
f 544/564/400 585/619/400 573/618/400 534/561/400
f 590/624/401 552/576/401 557/579/401 593/625/401
f 593/625/402 557/579/402 567/583/402 594/628/402
f 594/640/403 567/598/403 566/595/403 601/636/403
f 601/636/404 566/595/404 554/594/404 591/633/404
f 591/633/405 573/618/405 587/621/405 599/634/405
f 599/634/406 587/621/406 581/613/406 600/637/406
f 600/637/407 581/613/407 580/610/407 606/645/407
f 606/645/408 580/610/408 572/609/408 592/642/408
f 571/600/409 609/648/409 614/651/409 574/601/409
f 574/601/410 614/651/410 624/655/410 575/604/410
f 575/616/411 624/670/411 623/667/411 582/612/411
f 582/612/412 623/667/412 611/666/412 572/609/412
f 628/672/413 590/624/413 595/627/413 631/673/413
f 631/673/414 595/627/414 605/631/414 632/676/414
f 632/688/415 605/646/415 604/643/415 639/684/415
f 639/684/416 604/643/416 592/642/416 629/681/416
f 629/681/417 611/666/417 625/669/417 637/682/417
f 637/682/418 625/669/418 619/661/418 638/685/418
f 638/685/419 619/661/419 618/658/419 644/693/419
f 644/693/420 618/658/420 610/657/420 630/690/420
f 609/648/421 647/696/421 652/699/421 612/649/421
f 612/649/422 652/699/422 662/703/422 613/652/422
f 613/664/423 662/718/423 661/715/423 620/660/423
f 620/660/424 661/715/424 649/714/424 610/657/424
f 666/720/425 628/672/425 633/675/425 669/721/425
f 669/721/426 633/675/426 643/679/426 670/724/426
f 670/736/427 643/694/427 642/691/427 677/732/427
f 677/732/428 642/691/428 630/690/428 667/729/428
f 667/729/429 649/714/429 663/717/429 675/730/429
f 675/730/430 663/717/430 657/709/430 676/733/430
f 676/733/431 657/709/431 656/706/431 682/741/431
f 682/741/432 656/706/432 648/705/432 668/738/432
f 647/696/433 457/450/433 462/453/433 650/697/433
f 650/697/434 462/453/434 472/457/434 651/700/434
f 651/712/435 472/472/435 471/469/435 658/708/435
f 658/708/436 471/469/436 459/468/436 648/705/436
f 476/477/437 666/720/437 671/723/437 479/478/437
f 479/478/438 671/723/438 681/727/438 480/481/438
f 480/493/439 681/742/439 680/739/439 487/489/439
f 487/489/440 680/739/440 668/738/440 477/486/440
f 687/459/416 724/781/416 734/523/416 699/462/416
f 699/462/415 734/523/415 727/783/415 700/466/415
f 700/746/414 727/511/414 726/775/414 690/451/414
f 690/451/413 726/775/413 723/774/413 685/450/413
f 744/794/412 705/495/412 715/762/412 756/540/412
f 756/540/411 715/762/411 708/499/411 757/797/411
f 757/532/410 708/758/410 707/756/410 747/529/410
f 747/529/409 707/756/409 704/477/409 742/528/409
f 686/748/405 706/765/405 720/768/405 694/749/405
f 694/749/406 720/768/406 714/772/406 695/475/406
f 695/463/407 714/763/407 713/498/407 701/460/407
f 701/460/408 713/498/408 705/495/408 687/459/408
f 743/790/420 725/785/420 739/787/420 751/549/420
f 751/549/419 739/787/419 733/517/419 752/541/419
f 752/541/418 733/517/418 732/782/418 758/796/418
f 758/796/417 732/782/417 724/781/417 744/794/417
f 725/785/428 762/802/428 772/571/428 737/786/428
f 737/786/427 772/571/427 765/574/427 738/520/427
f 738/779/426 765/559/426 764/799/426 728/777/426
f 728/777/425 764/799/425 761/798/425 723/774/425
f 782/817/424 743/790/424 753/792/424 794/818/424
f 794/818/423 753/792/423 746/550/423 795/592/423
f 795/811/422 746/535/422 745/531/422 785/808/422
f 785/808/421 745/531/421 742/528/421 780/805/421
f 781/813/432 763/561/432 777/562/432 789/597/432
f 789/597/431 777/562/431 771/565/431 790/589/431
f 790/589/430 771/565/430 770/573/430 796/820/430
f 796/820/429 770/573/429 762/802/429 782/817/429
f 763/561/440 800/827/440 810/829/440 775/564/440
f 775/564/439 810/829/439 803/622/439 776/568/439
f 776/556/438 803/823/438 802/821/438 766/553/438
f 766/553/437 802/821/437 799/600/437 761/798/437
f 820/840/436 781/813/436 791/815/436 832/841/436
f 832/841/435 791/815/435 784/598/435 833/640/435
f 833/835/434 784/583/434 783/806/434 823/832/434
f 823/832/433 783/806/433 780/805/433 818/831/433
f 819/642/377 801/609/377 815/610/377 827/837/377
f 827/837/378 815/610/378 809/613/378 828/637/378
f 828/637/379 809/613/379 808/621/379 834/843/379
f 834/843/380 808/621/380 800/827/380 820/840/380
f 801/609/376 838/852/376 848/667/376 813/612/376
f 813/612/375 848/667/375 841/670/375 814/616/375
f 814/825/374 841/848/374 840/845/374 804/822/374
f 804/822/373 840/845/373 837/844/373 799/600/373
f 858/869/372 819/642/372 829/838/372 870/684/372
f 870/684/371 829/838/371 822/646/371 871/688/371
f 871/862/370 822/833/370 821/627/370 861/860/370
f 861/860/369 821/627/369 818/831/369 856/857/369
f 857/864/384 839/854/384 853/856/384 865/865/384
f 865/865/383 853/856/383 847/661/383 866/685/383
f 866/685/382 847/661/382 846/669/382 872/870/382
f 872/870/381 846/669/381 838/852/381 858/869/381
f 839/854/392 876/879/392 886/715/392 851/855/392
f 851/855/391 886/715/391 879/718/391 852/664/391
f 852/850/390 879/703/390 878/873/390 842/847/390
f 842/847/389 878/873/389 875/872/389 837/844/389
f 896/893/388 857/864/388 867/867/388 908/894/388
f 908/894/387 867/867/387 860/694/387 909/897/387
f 909/724/386 860/679/386 859/858/386 899/885/386
f 899/885/385 859/858/385 856/857/385 894/882/385
f 895/889/396 877/705/396 891/706/396 903/741/396
f 903/741/395 891/706/395 885/709/395 904/733/395
f 904/733/394 885/709/394 884/880/394 910/896/394
f 910/896/393 884/880/393 876/879/393 896/893/393
f 877/705/404 686/748/404 696/751/404 889/708/404
f 889/708/403 696/751/403 689/752/403 890/712/403
f 890/877/402 689/744/402 688/453/402 880/875/402
f 880/875/401 688/453/401 685/450/401 875/872/401
f 706/765/400 895/889/400 905/891/400 718/766/400
f 718/766/399 905/891/399 898/742/399 719/769/399
f 719/760/398 898/886/398 897/883/398 709/478/398
f 709/478/397 897/883/397 894/882/397 704/477/397
f 457/450/441 647/696/441 609/648/441 571/600/441 533/552/441 495/504/441
f 458/459/442 497/522/442 515/537/442 478/495/442
f 648/705/443 459/468/443 477/486/443 668/738/443
f 514/528/444 552/576/444 590/624/444 628/672/444 666/720/444 476/477/444
f 496/513/445 535/570/445 553/585/445 516/546/445
f 534/561/446 573/618/446 591/633/446 554/594/446
f 572/609/447 611/666/447 629/681/447 592/642/447
f 610/657/448 649/714/448 667/729/448 630/690/448
f 685/450/444 723/774/444 761/798/444 799/600/444 837/844/444 875/872/444
f 687/459/447 705/495/447 744/794/447 724/781/447
f 877/705/446 895/889/446 706/765/446 686/748/446
f 742/528/441 704/477/441 894/882/441 856/857/441 818/831/441 780/805/441
f 725/785/448 743/790/448 782/817/448 762/802/448
f 763/561/443 781/813/443 820/840/443 800/827/443
f 801/609/442 819/642/442 858/869/442 838/852/442
f 839/854/445 857/864/445 896/893/445 876/879/445
o Cylinder
v -0.094708 4.053967 -0.248549
v -0.039691 4.060810 -0.197482
v -0.116291 4.105034 -0.197482
v -0.074259 4.055537 -0.244662
v -0.056623 4.057388 -0.233592
v -0.103573 4.072462 -0.244662
v -0.082811 4.074574 -0.239971
v -0.067993 4.075130 -0.230995
v -0.076851 4.084897 -0.226966
v -0.052744 4.078782 -0.197482
v -0.071885 4.093498 -0.197482
v -0.044484 4.059240 -0.217025
v -0.058618 4.077583 -0.217515
v -0.074120 4.089627 -0.216498
v -0.115254 4.100099 -0.217025
v -0.110788 4.088660 -0.233592
v -0.094200 4.102717 -0.197482
v -0.092302 4.097031 -0.217515
v -0.089738 4.087685 -0.230995
v -0.094708 4.053967 0.248550
v -0.116291 4.105034 0.197483
v -0.039691 4.060809 0.197483
v -0.103573 4.072461 0.244663
v -0.110788 4.088660 0.233593
v -0.074259 4.055537 0.244663
v -0.082811 4.074574 0.239971
v -0.089738 4.087685 0.230996
v -0.076851 4.084897 0.226966
v -0.094200 4.102716 0.197483
v -0.071885 4.093498 0.197483
v -0.115254 4.100099 0.217025
v -0.092302 4.097030 0.217515
v -0.074120 4.089627 0.216499
v -0.044485 4.059240 0.217025
v -0.056623 4.057388 0.233593
v -0.052744 4.078782 0.197483
v -0.058618 4.077583 0.217515
v -0.067993 4.075130 0.230996
v 0.375809 3.239009 -0.248549
v 0.409242 3.194784 -0.197483
v 0.409242 3.283234 -0.197483
v 0.387392 3.222085 -0.244662
v 0.397814 3.207737 -0.233592
v 0.387392 3.255934 -0.244662
v 0.399603 3.239009 -0.239971
v 0.407494 3.226454 -0.230995
v 0.411523 3.239009 -0.226966
v 0.418281 3.215075 -0.197483
v 0.421455 3.239009 -0.197483
v 0.405486 3.198150 -0.217025
v 0.414305 3.219562 -0.217515
v 0.416985 3.239009 -0.216498
v 0.405486 3.279868 -0.217025
v 0.397814 3.270281 -0.233592
v 0.418281 3.262944 -0.197483
v 0.414305 3.258457 -0.217515
v 0.407494 3.251564 -0.230995
v 0.375809 3.239009 0.248550
v 0.409242 3.283234 0.197483
v 0.409242 3.194784 0.197483
v 0.387392 3.255933 0.244662
v 0.397813 3.270281 0.233593
v 0.387392 3.222085 0.244662
v 0.399603 3.239009 0.239971
v 0.407494 3.251564 0.230996
v 0.411523 3.239009 0.226966
v 0.418281 3.262944 0.197483
v 0.421455 3.239009 0.197483
v 0.405486 3.279868 0.217025
v 0.414305 3.258456 0.217515
v 0.416985 3.239009 0.216499
v 0.405486 3.198150 0.217025
v 0.397813 3.207737 0.233593
v 0.418281 3.215075 0.197483
v 0.414305 3.219562 0.217515
v 0.407494 3.226454 0.230996
v -0.094708 2.424051 -0.248550
v -0.116291 2.372984 -0.197483
v -0.039691 2.417209 -0.197483
v -0.103573 2.405557 -0.244662
v -0.110788 2.389358 -0.233593
v -0.074259 2.422481 -0.244662
v -0.082811 2.403444 -0.239971
v -0.089738 2.390333 -0.230996
v -0.076851 2.393121 -0.226966
v -0.094200 2.375302 -0.197483
v -0.071885 2.384520 -0.197483
v -0.115254 2.377920 -0.217025
v -0.092302 2.380988 -0.217515
v -0.074120 2.388391 -0.216499
v -0.044484 2.418778 -0.217025
v -0.056623 2.420630 -0.233593
v -0.052744 2.399236 -0.197483
v -0.058618 2.400435 -0.217515
v -0.067992 2.402888 -0.230996
v -0.094708 2.424051 0.248549
v -0.039691 2.417209 0.197483
v -0.116291 2.372984 0.197483
v -0.074259 2.422481 0.244662
v -0.056623 2.420630 0.233592
v -0.103573 2.405557 0.244662
v -0.082811 2.403444 0.239971
v -0.067993 2.402888 0.230995
v -0.076851 2.393121 0.226966
v -0.052744 2.399236 0.197483
v -0.071885 2.384520 0.197483
v -0.044485 2.418778 0.217025
v -0.058618 2.400435 0.217515
v -0.074120 2.388391 0.216498
v -0.115254 2.377920 0.217025
v -0.110788 2.389358 0.233592
v -0.094200 2.375301 0.197483
v -0.092302 2.380988 0.217515
v -0.089738 2.390333 0.230995
v -1.035741 2.424051 -0.248550
v -1.090758 2.417209 -0.197483
v -1.014158 2.372984 -0.197483
v -1.056190 2.422481 -0.244663
v -1.073826 2.420630 -0.233593
v -1.026876 2.405557 -0.244663
v -1.047638 2.403444 -0.239971
v -1.062456 2.402888 -0.230996
v -1.053598 2.393121 -0.226966
v -1.077705 2.399236 -0.197483
v -1.058564 2.384520 -0.197483
v -1.085964 2.418779 -0.217025
v -1.071831 2.400435 -0.217515
v -1.056329 2.388391 -0.216499
v -1.015195 2.377920 -0.217025
v -1.019661 2.389358 -0.233593
v -1.036249 2.375302 -0.197483
v -1.038147 2.380988 -0.217515
v -1.040711 2.390333 -0.230996
v -1.035741 2.424051 0.248549
v -1.014158 2.372984 0.197482
v -1.090758 2.417209 0.197482
v -1.026876 2.405557 0.244662
v -1.019661 2.389358 0.233592
v -1.056190 2.422481 0.244662
v -1.047638 2.403444 0.239971
v -1.040711 2.390333 0.230995
v -1.053598 2.393121 0.226966
v -1.036249 2.375302 0.197482
v -1.058564 2.384520 0.197482
v -1.015195 2.377920 0.217025
v -1.038147 2.380988 0.217515
v -1.056329 2.388391 0.216498
v -1.085964 2.418778 0.217025
v -1.073826 2.420630 0.233592
v -1.077705 2.399236 0.197482
v -1.071831 2.400435 0.217515
v -1.062456 2.402888 0.230995
v -1.506258 3.239009 -0.248550
v -1.539691 3.283234 -0.197483
v -1.539691 3.194784 -0.197483
v -1.517841 3.255933 -0.244662
v -1.528262 3.270281 -0.233593
v -1.517841 3.222085 -0.244662
v -1.530052 3.239009 -0.239971
v -1.537943 3.251564 -0.230996
v -1.541972 3.239009 -0.226966
v -1.548730 3.262944 -0.197483
v -1.551903 3.239009 -0.197483
v -1.535935 3.279868 -0.217025
v -1.544754 3.258457 -0.217515
v -1.547434 3.239009 -0.216499
v -1.535935 3.198150 -0.217025
v -1.528262 3.207737 -0.233593
v -1.548730 3.215075 -0.197483
v -1.544754 3.219562 -0.217515
v -1.537943 3.226454 -0.230996
v -1.506258 3.239009 0.248549
v -1.539691 3.194784 0.197483
v -1.539691 3.283234 0.197483
v -1.517841 3.222085 0.244662
v -1.528262 3.207737 0.233592
v -1.517841 3.255933 0.244662
v -1.530052 3.239009 0.239971
v -1.537943 3.226454 0.230995
v -1.541972 3.239009 0.226966
v -1.548730 3.215075 0.197483
v -1.551903 3.239009 0.197483
v -1.535935 3.198150 0.217025
v -1.544754 3.219562 0.217515
v -1.547434 3.239009 0.216498
v -1.535935 3.279868 0.217025
v -1.528263 3.270281 0.233592
v -1.548730 3.262944 0.197483
v -1.544754 3.258456 0.217515
v -1.537943 3.251564 0.230995
v -1.035741 4.053968 -0.248549
v -1.014158 4.105034 -0.197483
v -1.090758 4.060810 -0.197483
v -1.026876 4.072462 -0.244662
v -1.019661 4.088661 -0.233592
v -1.056190 4.055537 -0.244662
v -1.047638 4.074574 -0.239971
v -1.040711 4.087686 -0.230995
v -1.053598 4.084897 -0.226966
v -1.036249 4.102717 -0.197483
v -1.058564 4.093498 -0.197483
v -1.015195 4.100099 -0.217025
v -1.038147 4.097031 -0.217515
v -1.056329 4.089628 -0.216498
v -1.085964 4.059240 -0.217025
v -1.073826 4.057389 -0.233592
v -1.077705 4.078783 -0.197483
v -1.071831 4.077583 -0.217515
v -1.062456 4.075130 -0.230995
v -1.035741 4.053967 0.248550
v -1.090758 4.060809 0.197483
v -1.014158 4.105034 0.197483
v -1.056190 4.055537 0.244662
v -1.073826 4.057388 0.233593
v -1.026876 4.072462 0.244662
v -1.047638 4.074574 0.239971
v -1.062456 4.075130 0.230996
v -1.053598 4.084897 0.226966
v -1.077705 4.078782 0.197483
v -1.058564 4.093498 0.197483
v -1.085964 4.059240 0.217025
v -1.071831 4.077583 0.217515
v -1.056329 4.089627 0.216499
v -1.015195 4.100099 0.217025
v -1.019661 4.088660 0.233593
v -1.036249 4.102717 0.197483
v -1.038147 4.097031 0.217515
v -1.040711 4.087685 0.230996
v -0.094708 4.053967 -0.248549
v -0.116291 4.105034 -0.197482
v -0.039691 4.060810 -0.197482
v -0.103573 4.072462 -0.244662
v -0.110788 4.088660 -0.233592
v -0.074259 4.055537 -0.244662
v -0.082811 4.074574 -0.239971
v -0.089738 4.087685 -0.230995
v -0.076851 4.084897 -0.226966
v -0.094200 4.102717 -0.197482
v -0.071885 4.093498 -0.197482
v -0.115254 4.100099 -0.217025
v -0.092302 4.097031 -0.217515
v -0.074120 4.089627 -0.216498
v -0.044484 4.059240 -0.217025
v -0.056623 4.057388 -0.233592
v -0.052744 4.078782 -0.197482
v -0.058618 4.077583 -0.217515
v -0.067993 4.075130 -0.230995
v -0.094708 4.053967 0.248550
v -0.039691 4.060809 0.197483
v -0.116291 4.105034 0.197483
v -0.074259 4.055537 0.244663
v -0.056623 4.057388 0.233593
v -0.103573 4.072461 0.244663
v -0.082811 4.074574 0.239971
v -0.067993 4.075130 0.230996
v -0.076851 4.084897 0.226966
v -0.052744 4.078782 0.197483
v -0.071885 4.093498 0.197483
v -0.044485 4.059240 0.217025
v -0.058618 4.077583 0.217515
v -0.074120 4.089627 0.216499
v -0.115254 4.100099 0.217025
v -0.110788 4.088660 0.233593
v -0.094200 4.102716 0.197483
v -0.092302 4.097030 0.217515
v -0.089738 4.087685 0.230996
v 0.375809 3.239009 -0.248549
v 0.409242 3.283234 -0.197483
v 0.409242 3.194784 -0.197483
v 0.387392 3.255934 -0.244662
v 0.397814 3.270281 -0.233592
v 0.387392 3.222085 -0.244662
v 0.399603 3.239009 -0.239971
v 0.407494 3.251564 -0.230995
v 0.411523 3.239009 -0.226966
v 0.418281 3.262944 -0.197483
v 0.421455 3.239009 -0.197483
v 0.405486 3.279868 -0.217025
v 0.414305 3.258457 -0.217515
v 0.416985 3.239009 -0.216498
v 0.405486 3.198150 -0.217025
v 0.397814 3.207737 -0.233592
v 0.418281 3.215075 -0.197483
v 0.414305 3.219562 -0.217515
v 0.407494 3.226454 -0.230995
v 0.375809 3.239009 0.248550
v 0.409242 3.194784 0.197483
v 0.409242 3.283234 0.197483
v 0.387392 3.222085 0.244662
v 0.397813 3.207737 0.233593
v 0.387392 3.255933 0.244662
v 0.399603 3.239009 0.239971
v 0.407494 3.226454 0.230996
v 0.411523 3.239009 0.226966
v 0.418281 3.215075 0.197483
v 0.421455 3.239009 0.197483
v 0.405486 3.198150 0.217025
v 0.414305 3.219562 0.217515
v 0.416985 3.239009 0.216499
v 0.405486 3.279868 0.217025
v 0.397813 3.270281 0.233593
v 0.418281 3.262944 0.197483
v 0.414305 3.258456 0.217515
v 0.407494 3.251564 0.230996
v -0.094708 2.424051 -0.248550
v -0.039691 2.417209 -0.197483
v -0.116291 2.372984 -0.197483
v -0.074259 2.422481 -0.244662
v -0.056623 2.420630 -0.233593
v -0.103573 2.405557 -0.244662
v -0.082811 2.403444 -0.239971
v -0.067992 2.402888 -0.230996
v -0.076851 2.393121 -0.226966
v -0.052744 2.399236 -0.197483
v -0.071885 2.384520 -0.197483
v -0.044484 2.418778 -0.217025
v -0.058618 2.400435 -0.217515
v -0.074120 2.388391 -0.216499
v -0.115254 2.377920 -0.217025
v -0.110788 2.389358 -0.233593
v -0.094200 2.375302 -0.197483
v -0.092302 2.380988 -0.217515
v -0.089738 2.390333 -0.230996
v -0.094708 2.424051 0.248549
v -0.116291 2.372984 0.197483
v -0.039691 2.417209 0.197483
v -0.103573 2.405557 0.244662
v -0.110788 2.389358 0.233592
v -0.074259 2.422481 0.244662
v -0.082811 2.403444 0.239971
v -0.089738 2.390333 0.230995
v -0.076851 2.393121 0.226966
v -0.094200 2.375301 0.197483
v -0.071885 2.384520 0.197483
v -0.115254 2.377920 0.217025
v -0.092302 2.380988 0.217515
v -0.074120 2.388391 0.216498
v -0.044485 2.418778 0.217025
v -0.056623 2.420630 0.233592
v -0.052744 2.399236 0.197483
v -0.058618 2.400435 0.217515
v -0.067993 2.402888 0.230995
v -1.035741 2.424051 -0.248550
v -1.014158 2.372984 -0.197483
v -1.090758 2.417209 -0.197483
v -1.026876 2.405557 -0.244663
v -1.019661 2.389358 -0.233593
v -1.056190 2.422481 -0.244663
v -1.047638 2.403444 -0.239971
v -1.040711 2.390333 -0.230996
v -1.053598 2.393121 -0.226966
v -1.036249 2.375302 -0.197483
v -1.058564 2.384520 -0.197483
v -1.015195 2.377920 -0.217025
v -1.038147 2.380988 -0.217515
v -1.056329 2.388391 -0.216499
v -1.085964 2.418779 -0.217025
v -1.073826 2.420630 -0.233593
v -1.077705 2.399236 -0.197483
v -1.071831 2.400435 -0.217515
v -1.062456 2.402888 -0.230996
v -1.035741 2.424051 0.248549
v -1.090758 2.417209 0.197482
v -1.014158 2.372984 0.197482
v -1.056190 2.422481 0.244662
v -1.073826 2.420630 0.233592
v -1.026876 2.405557 0.244662
v -1.047638 2.403444 0.239971
v -1.062456 2.402888 0.230995
v -1.053598 2.393121 0.226966
v -1.077705 2.399236 0.197482
v -1.058564 2.384520 0.197482
v -1.085964 2.418778 0.217025
v -1.071831 2.400435 0.217515
v -1.056329 2.388391 0.216498
v -1.015195 2.377920 0.217025
v -1.019661 2.389358 0.233592
v -1.036249 2.375302 0.197482
v -1.038147 2.380988 0.217515
v -1.040711 2.390333 0.230995
v -1.506258 3.239009 -0.248550
v -1.539691 3.194784 -0.197483
v -1.539691 3.283234 -0.197483
v -1.517841 3.222085 -0.244662
v -1.528262 3.207737 -0.233593
v -1.517841 3.255933 -0.244662
v -1.530052 3.239009 -0.239971
v -1.537943 3.226454 -0.230996
v -1.541972 3.239009 -0.226966
v -1.548730 3.215075 -0.197483
v -1.551903 3.239009 -0.197483
v -1.535935 3.198150 -0.217025
v -1.544754 3.219562 -0.217515
v -1.547434 3.239009 -0.216499
v -1.535935 3.279868 -0.217025
v -1.528262 3.270281 -0.233593
v -1.548730 3.262944 -0.197483
v -1.544754 3.258457 -0.217515
v -1.537943 3.251564 -0.230996
v -1.506258 3.239009 0.248549
v -1.539691 3.283234 0.197483
v -1.539691 3.194784 0.197483
v -1.517841 3.255933 0.244662
v -1.528263 3.270281 0.233592
v -1.517841 3.222085 0.244662
v -1.530052 3.239009 0.239971
v -1.537943 3.251564 0.230995
v -1.541972 3.239009 0.226966
v -1.548730 3.262944 0.197483
v -1.551903 3.239009 0.197483
v -1.535935 3.279868 0.217025
v -1.544754 3.258456 0.217515
v -1.547434 3.239009 0.216498
v -1.535935 3.198150 0.217025
v -1.528262 3.207737 0.233592
v -1.548730 3.215075 0.197483
v -1.544754 3.219562 0.217515
v -1.537943 3.226454 0.230995
v -1.035741 4.053968 -0.248549
v -1.090758 4.060810 -0.197483
v -1.014158 4.105034 -0.197483
v -1.056190 4.055537 -0.244662
v -1.073826 4.057389 -0.233592
v -1.026876 4.072462 -0.244662
v -1.047638 4.074574 -0.239971
v -1.062456 4.075130 -0.230995
v -1.053598 4.084897 -0.226966
v -1.077705 4.078783 -0.197483
v -1.058564 4.093498 -0.197483
v -1.085964 4.059240 -0.217025
v -1.071831 4.077583 -0.217515
v -1.056329 4.089628 -0.216498
v -1.015195 4.100099 -0.217025
v -1.019661 4.088661 -0.233592
v -1.036249 4.102717 -0.197483
v -1.038147 4.097031 -0.217515
v -1.040711 4.087686 -0.230995
v -1.035741 4.053967 0.248550
v -1.014158 4.105034 0.197483
v -1.090758 4.060809 0.197483
v -1.026876 4.072462 0.244662
v -1.019661 4.088660 0.233593
v -1.056190 4.055537 0.244662
v -1.047638 4.074574 0.239971
v -1.040711 4.087685 0.230996
v -1.053598 4.084897 0.226966
v -1.036249 4.102717 0.197483
v -1.058564 4.093498 0.197483
v -1.015195 4.100099 0.217025
v -1.038147 4.097031 0.217515
v -1.056329 4.089627 0.216499
v -1.085964 4.059240 0.217025
v -1.073826 4.057388 0.233593
v -1.077705 4.078782 0.197483
v -1.071831 4.077583 0.217515
v -1.062456 4.075130 0.230996
vn -0.1696 -0.2937 0.9407
vn -0.4585 -0.4051 0.7910
vn -0.1216 -0.5996 0.7910
vn -0.3686 -0.6384 0.6757
vn -0.7768 -0.5781 0.2498
vn -0.5917 -0.7745 0.2234
vn -0.6668 -0.5034 0.5495
vn -0.5290 -0.7014 0.4778
vn -0.1123 -0.9618 0.2498
vn -0.1025 -0.8292 0.5495
vn -0.3749 -0.8997 0.2234
vn -0.3429 -0.8088 0.4778
vn -0.1696 -0.2937 -0.9407
vn -0.1216 -0.5996 -0.7910
vn -0.4585 -0.4051 -0.7910
vn -0.3686 -0.6384 -0.6757
vn -0.1123 -0.9618 -0.2498
vn -0.3749 -0.8997 -0.2234
vn -0.1025 -0.8292 -0.5495
vn -0.3429 -0.8088 -0.4778
vn -0.7768 -0.5781 -0.2498
vn -0.6668 -0.5034 -0.5495
vn -0.5917 -0.7745 -0.2234
vn -0.5290 -0.7014 -0.4778
vn -0.3392 -0.0000 0.9407
vn -0.5801 0.1945 0.7910
vn -0.5801 -0.1945 0.7910
vn -0.7372 -0.0000 0.6757
vn -0.8891 0.3836 0.2498
vn -0.9666 0.1252 0.2234
vn -0.7693 0.3258 0.5495
vn -0.8719 0.1074 0.4778
vn -0.8890 -0.3836 0.2498
vn -0.7693 -0.3258 0.5495
vn -0.9666 -0.1252 0.2234
vn -0.8719 -0.1074 0.4778
vn -0.3392 -0.0000 -0.9407
vn -0.5801 -0.1945 -0.7910
vn -0.5801 0.1945 -0.7910
vn -0.7372 -0.0000 -0.6757
vn -0.8890 -0.3836 -0.2498
vn -0.9666 -0.1252 -0.2234
vn -0.7693 -0.3258 -0.5495
vn -0.8719 -0.1074 -0.4778
vn -0.8891 0.3836 -0.2498
vn -0.7693 0.3258 -0.5495
vn -0.9666 0.1252 -0.2234
vn -0.8719 0.1074 -0.4778
vn -0.1696 0.2937 0.9407
vn -0.1216 0.5996 0.7910
vn -0.4585 0.4051 0.7910
vn -0.3686 0.6384 0.6757
vn -0.1123 0.9618 0.2498
vn -0.3749 0.8997 0.2234
vn -0.1025 0.8292 0.5495
vn -0.3429 0.8088 0.4778
vn -0.7768 0.5781 0.2498
vn -0.6668 0.5034 0.5495
vn -0.5917 0.7745 0.2234
vn -0.5290 0.7014 0.4778
vn -0.1696 0.2937 -0.9407
vn -0.4585 0.4051 -0.7910
vn -0.1216 0.5996 -0.7910
vn -0.3686 0.6384 -0.6757
vn -0.7768 0.5781 -0.2498
vn -0.5917 0.7745 -0.2234
vn -0.6668 0.5034 -0.5495
vn -0.5290 0.7014 -0.4778
vn -0.1123 0.9618 -0.2498
vn -0.1025 0.8292 -0.5495
vn -0.3749 0.8997 -0.2234
vn -0.3429 0.8088 -0.4778
vn 0.1696 0.2937 0.9407
vn 0.4585 0.4051 0.7910
vn 0.1216 0.5996 0.7910
vn 0.3686 0.6384 0.6757
vn 0.7768 0.5781 0.2498
vn 0.5917 0.7745 0.2234
vn 0.6668 0.5034 0.5495
vn 0.5290 0.7014 0.4778
vn 0.1123 0.9618 0.2498
vn 0.1025 0.8292 0.5495
vn 0.3749 0.8997 0.2234
vn 0.3429 0.8088 0.4778
vn 0.1696 0.2937 -0.9407
vn 0.1216 0.5996 -0.7910
vn 0.4585 0.4051 -0.7910
vn 0.3686 0.6384 -0.6757
vn 0.1123 0.9618 -0.2498
vn 0.3749 0.8997 -0.2234
vn 0.1025 0.8292 -0.5495
vn 0.3429 0.8088 -0.4778
vn 0.7768 0.5781 -0.2498
vn 0.6668 0.5034 -0.5495
vn 0.5917 0.7745 -0.2234
vn 0.5290 0.7014 -0.4778
vn 0.3392 -0.0000 0.9407
vn 0.5801 -0.1945 0.7910
vn 0.5801 0.1945 0.7910
vn 0.7372 -0.0000 0.6757
vn 0.8891 -0.3836 0.2498
vn 0.9666 -0.1252 0.2234
vn 0.7693 -0.3258 0.5495
vn 0.8719 -0.1074 0.4778
vn 0.8890 0.3836 0.2498
vn 0.7693 0.3258 0.5495
vn 0.9666 0.1252 0.2234
vn 0.8719 0.1074 0.4778
vn 0.3392 -0.0000 -0.9407
vn 0.5801 0.1945 -0.7910
vn 0.5801 -0.1945 -0.7910
vn 0.7372 -0.0000 -0.6757
vn 0.8890 0.3836 -0.2498
vn 0.9666 0.1252 -0.2234
vn 0.7693 0.3258 -0.5495
vn 0.8719 0.1074 -0.4778
vn 0.8891 -0.3836 -0.2498
vn 0.7693 -0.3258 -0.5495
vn 0.9666 -0.1252 -0.2234
vn 0.8719 -0.1074 -0.4778
vn 0.1696 -0.2937 0.9407
vn 0.1216 -0.5996 0.7910
vn 0.4585 -0.4051 0.7910
vn 0.3686 -0.6384 0.6757
vn 0.1123 -0.9618 0.2498
vn 0.3749 -0.8997 0.2234
vn 0.1025 -0.8292 0.5495
vn 0.3429 -0.8088 0.4778
vn 0.7768 -0.5781 0.2498
vn 0.6668 -0.5034 0.5495
vn 0.5917 -0.7745 0.2234
vn 0.5290 -0.7014 0.4778
vn 0.1696 -0.2937 -0.9407
vn 0.4585 -0.4051 -0.7910
vn 0.1216 -0.5996 -0.7910
vn 0.3686 -0.6384 -0.6757
vn 0.7768 -0.5781 -0.2498
vn 0.5917 -0.7745 -0.2234
vn 0.6668 -0.5034 -0.5495
vn 0.5290 -0.7014 -0.4778
vn 0.1123 -0.9618 -0.2498
vn 0.1025 -0.8292 -0.5495
vn 0.3749 -0.8997 -0.2234
vn 0.3429 -0.8088 -0.4778
vn -0.1781 -0.1028 0.9786
vn -0.4886 -0.2821 0.8256
vn -0.7127 -0.4115 0.5682
vn -0.8397 -0.4848 0.2449
vn -0.1781 -0.1028 -0.9786
vn -0.4886 -0.2821 -0.8256
vn -0.7127 -0.4115 -0.5681
vn -0.8397 -0.4848 -0.2449
vn -0.8091 -0.5876 -0.0000
vn -0.6095 -0.7928 -0.0000
vn -0.3818 -0.9242 -0.0000
vn -0.1043 -0.9945 -0.0000
vn -0.9135 -0.4069 -0.0000
vn -0.9913 -0.1315 -0.0000
vn -0.9913 0.1315 -0.0000
vn -0.9135 0.4069 -0.0000
vn -0.1781 0.1028 0.9786
vn -0.4886 0.2821 0.8256
vn -0.7127 0.4115 0.5682
vn -0.8397 0.4848 0.2449
vn -0.1781 0.1028 -0.9786
vn -0.4886 0.2821 -0.8256
vn -0.7127 0.4115 -0.5682
vn -0.8397 0.4848 -0.2449
vn -0.8091 0.5876 -0.0000
vn -0.6095 0.7928 -0.0000
vn -0.3818 0.9242 -0.0000
vn -0.1043 0.9945 -0.0000
vn -0.0000 0.2057 0.9786
vn -0.0000 0.5642 0.8256
vn -0.0000 0.8229 0.5681
vn -0.0000 0.9696 0.2449
vn -0.0000 0.2057 -0.9786
vn -0.0000 0.5642 -0.8256
vn -0.0000 0.8229 -0.5682
vn -0.0000 0.9696 -0.2449
vn 0.1043 0.9945 -0.0000
vn 0.3818 0.9242 -0.0000
vn 0.6095 0.7928 -0.0000
vn 0.8091 0.5876 -0.0000
vn 0.1781 0.1028 0.9786
vn 0.4886 0.2821 0.8256
vn 0.7127 0.4115 0.5682
vn 0.8397 0.4848 0.2449
vn 0.1781 0.1028 -0.9786
vn 0.4886 0.2821 -0.8256
vn 0.7127 0.4115 -0.5681
vn 0.8397 0.4848 -0.2449
vn 0.9135 0.4069 -0.0000
vn 0.9913 0.1315 -0.0000
vn 0.9913 -0.1315 -0.0000
vn 0.9135 -0.4069 -0.0000
vn 0.1781 -0.1028 0.9786
vn 0.4886 -0.2821 0.8256
vn 0.7127 -0.4115 0.5682
vn 0.8397 -0.4848 0.2449
vn 0.1781 -0.1028 -0.9786
vn 0.4886 -0.2821 -0.8256
vn 0.7127 -0.4115 -0.5682
vn 0.8397 -0.4848 -0.2449
vn 0.8091 -0.5876 -0.0000
vn 0.6095 -0.7928 -0.0000
vn 0.3818 -0.9242 -0.0000
vn 0.1043 -0.9945 -0.0000
vn -0.0000 -0.2057 0.9786
vn -0.0000 -0.5642 0.8256
vn -0.0000 -0.8229 0.5681
vn -0.0000 -0.9696 0.2449
vn -0.0000 -0.2057 -0.9786
vn -0.0000 -0.5642 -0.8256
vn -0.0000 -0.8229 -0.5682
vn -0.0000 -0.9696 -0.2449
vn -0.0000 -0.0000 1.0000
vn -0.8660 -0.5000 -0.0000
vn -0.0000 -1.0000 -0.0000
vn -0.0000 -0.0000 -1.0000
vn -0.8660 0.5000 -0.0000
vn -0.0000 1.0000 -0.0000
vn 0.8660 0.5000 -0.0000
vn 0.8660 -0.5000 -0.0000
vt 0.750000 0.475848
vt 0.754062 0.478628
vt 0.750000 0.481559
vt 0.745938 0.478628
vt 0.759470 0.484532
vt 0.755095 0.487058
vt 0.744905 0.487058
vt 0.740530 0.484532
vt 0.752416 0.488605
vt 0.991489 0.551365
vt 0.995171 0.551365
vt 0.995487 0.531216
vt 0.991662 0.531708
vt 1.000000 0.551365
vt 1.000000 0.532238
vt 0.995914 0.500000
vt 0.992406 0.500000
vt 1.000000 0.521709
vt 0.008511 0.551365
vt 0.008338 0.531708
vt 0.004513 0.531216
vt 0.004829 0.551365
vt 0.007594 0.500000
vt 0.004086 0.500000
vt -0.000000 0.532238
vt -0.000000 0.551365
vt 0.001938 0.500000
vt 0.250000 0.475848
vt 0.245938 0.478628
vt 0.250000 0.481559
vt 0.254062 0.478628
vt 0.240530 0.484532
vt 0.244905 0.487058
vt 0.255095 0.487058
vt 0.259470 0.484532
vt 0.247583 0.488605
vt 0.008511 0.948635
vt 0.004829 0.948635
vt 0.004513 0.968784
vt 0.008338 0.968292
vt -0.000000 0.948635
vt -0.000000 0.967762
vt 0.004086 1.000000
vt 0.007594 1.000000
vt -0.000000 0.978291
vt 0.991489 0.948635
vt 0.991662 0.968292
vt 0.995487 0.968784
vt 0.995171 0.948635
vt 0.992406 1.000000
vt 0.995914 1.000000
vt 1.000000 0.967762
vt 1.000000 0.948635
vt 0.998062 1.000000
vt 0.945590 0.362924
vt 0.950029 0.360796
vt 0.950536 0.365779
vt 0.945967 0.367832
vt 0.957846 0.359065
vt 0.957846 0.364117
vt 0.952751 0.372942
vt 0.948376 0.375468
vt 0.957846 0.367210
vt 0.824822 0.551365
vt 0.828504 0.551365
vt 0.828820 0.531216
vt 0.824995 0.531708
vt 0.833333 0.551365
vt 0.833333 0.532238
vt 0.829248 0.500000
vt 0.825739 0.500000
vt 0.834302 0.510855
vt 0.841844 0.551365
vt 0.841672 0.531708
vt 0.837846 0.531216
vt 0.838163 0.551365
vt 0.840927 0.500000
vt 0.837419 0.500000
vt 0.445590 0.362924
vt 0.445967 0.367832
vt 0.450536 0.365779
vt 0.450029 0.360796
vt 0.448376 0.375468
vt 0.452751 0.372942
vt 0.457846 0.364117
vt 0.457846 0.359065
vt 0.455430 0.371395
vt 0.841844 0.948635
vt 0.838163 0.948635
vt 0.837846 0.968784
vt 0.841672 0.968292
vt 0.833333 0.948635
vt 0.833333 0.967762
vt 0.837419 1.000000
vt 0.840927 1.000000
vt 0.832364 0.989145
vt 0.824822 0.948635
vt 0.824995 0.968292
vt 0.828820 0.968784
vt 0.828504 0.948635
vt 0.825739 1.000000
vt 0.829248 1.000000
vt 0.945590 0.137076
vt 0.945967 0.132168
vt 0.950536 0.134221
vt 0.950029 0.139204
vt 0.948376 0.124532
vt 0.952751 0.127058
vt 0.957846 0.135883
vt 0.957846 0.140935
vt 0.955430 0.128605
vt 0.658156 0.551365
vt 0.661837 0.551365
vt 0.662154 0.531216
vt 0.658328 0.531708
vt 0.666667 0.551365
vt 0.666667 0.532238
vt 0.662581 0.500000
vt 0.659073 0.500000
vt 0.667635 0.510855
vt 0.675178 0.551365
vt 0.675005 0.531708
vt 0.671179 0.531216
vt 0.671496 0.551365
vt 0.674260 0.500000
vt 0.670752 0.500000
vt 0.445590 0.137076
vt 0.450029 0.139204
vt 0.450536 0.134221
vt 0.445967 0.132168
vt 0.457846 0.140935
vt 0.457846 0.135883
vt 0.452751 0.127058
vt 0.448376 0.124532
vt 0.457846 0.132790
vt 0.675178 0.948635
vt 0.671496 0.948635
vt 0.671179 0.968784
vt 0.675005 0.968292
vt 0.666667 0.948635
vt 0.666667 0.967762
vt 0.670752 1.000000
vt 0.674260 1.000000
vt 0.665698 0.989145
vt 0.658155 0.948635
vt 0.658328 0.968292
vt 0.662154 0.968784
vt 0.661837 0.948635
vt 0.659073 1.000000
vt 0.662581 1.000000
vt 0.750000 0.024152
vt 0.745938 0.021372
vt 0.750000 0.018441
vt 0.754062 0.021372
vt 0.740530 0.015468
vt 0.744905 0.012942
vt 0.755095 0.012942
vt 0.759470 0.015468
vt 0.747584 0.011395
vt 0.491489 0.551365
vt 0.495171 0.551365
vt 0.495487 0.531216
vt 0.491662 0.531708
vt 0.500000 0.551365
vt 0.500000 0.532238
vt 0.495914 0.500000
vt 0.492406 0.500000
vt 0.500969 0.510855
vt 0.508511 0.551365
vt 0.508338 0.531708
vt 0.504513 0.531216
vt 0.504829 0.551365
vt 0.507594 0.500000
vt 0.504086 0.500000
vt 0.250000 0.024152
vt 0.254062 0.021372
vt 0.250000 0.018441
vt 0.245938 0.021372
vt 0.259470 0.015468
vt 0.255095 0.012942
vt 0.244905 0.012942
vt 0.240530 0.015468
vt 0.252417 0.011395
vt 0.508511 0.948635
vt 0.504829 0.948635
vt 0.504513 0.968784
vt 0.508338 0.968292
vt 0.500000 0.948635
vt 0.500000 0.967762
vt 0.504086 1.000000
vt 0.507594 1.000000
vt 0.499031 0.989145
vt 0.491489 0.948635
vt 0.491662 0.968292
vt 0.495487 0.968784
vt 0.495171 0.948635
vt 0.492406 1.000000
vt 0.495914 1.000000
vt 0.554410 0.137076
vt 0.549971 0.139204
vt 0.549464 0.134221
vt 0.554033 0.132168
vt 0.542154 0.140935
vt 0.542154 0.135883
vt 0.547249 0.127058
vt 0.551624 0.124532
vt 0.542154 0.132790
vt 0.324822 0.551365
vt 0.328504 0.551365
vt 0.328820 0.531216
vt 0.324995 0.531708
vt 0.333333 0.551365
vt 0.333333 0.532238
vt 0.329248 0.500000
vt 0.325739 0.500000
vt 0.334302 0.510855
vt 0.341844 0.551365
vt 0.341671 0.531708
vt 0.337846 0.531216
vt 0.338163 0.551365
vt 0.340927 0.500000
vt 0.337419 0.500000
vt 0.054410 0.137076
vt 0.054033 0.132168
vt 0.049464 0.134221
vt 0.049971 0.139204
vt 0.051624 0.124532
vt 0.047249 0.127058
vt 0.042154 0.135883
vt 0.042154 0.140935
vt 0.044570 0.128605
vt 0.341844 0.948635
vt 0.338162 0.948635
vt 0.337846 0.968784
vt 0.341671 0.968292
vt 0.333333 0.948635
vt 0.333333 0.967762
vt 0.337419 1.000000
vt 0.340927 1.000000
vt 0.332364 0.989145
vt 0.324822 0.948635
vt 0.324995 0.968292
vt 0.328820 0.968784
vt 0.328504 0.948635
vt 0.325739 1.000000
vt 0.329248 1.000000
vt 0.554410 0.362924
vt 0.554033 0.367832
vt 0.549464 0.365779
vt 0.549972 0.360796
vt 0.551624 0.375468
vt 0.547249 0.372942
vt 0.542154 0.364117
vt 0.542154 0.359065
vt 0.544570 0.371395
vt 0.158155 0.551365
vt 0.161837 0.551365
vt 0.162154 0.531216
vt 0.158328 0.531708
vt 0.166667 0.551365
vt 0.166667 0.532238
vt 0.162581 0.500000
vt 0.159073 0.500000
vt 0.167635 0.510855
vt 0.175178 0.551365
vt 0.175005 0.531708
vt 0.171179 0.531216
vt 0.171496 0.551365
vt 0.174260 0.500000
vt 0.170752 0.500000
vt 0.054410 0.362924
vt 0.049971 0.360796
vt 0.049464 0.365779
vt 0.054033 0.367832
vt 0.042154 0.359065
vt 0.042154 0.364117
vt 0.047249 0.372942
vt 0.051624 0.375468
vt 0.042154 0.367210
vt 0.175178 0.948635
vt 0.171496 0.948635
vt 0.171179 0.968784
vt 0.175005 0.968292
vt 0.166667 0.948635
vt 0.166667 0.967762
vt 0.170752 1.000000
vt 0.174260 1.000000
vt 0.165698 0.989145
vt 0.158155 0.948635
vt 0.158328 0.968292
vt 0.162154 0.968784
vt 0.161837 0.948635
vt 0.159073 1.000000
vt 0.162581 1.000000
vt 0.740530 0.484532
vt 0.755095 0.487058
vt 0.759470 0.484532
vt 0.747583 0.488605
vt 0.008511 0.551365
vt 0.004829 0.551365
vt 0.004513 0.531216
vt 0.008338 0.531708
vt 0.007594 0.500000
vt -0.000000 0.521709
vt 0.995487 0.531216
vt 0.998062 0.500000
vt 0.254062 0.478628
vt 0.250000 0.481559
vt 0.259470 0.484532
vt 0.244905 0.487058
vt 0.240530 0.484532
vt 0.252417 0.488605
vt 0.991662 0.968292
vt 1.000000 0.948635
vt 1.000000 0.978291
vt 0.008511 0.948635
vt 0.008338 0.968292
vt 0.004513 0.968784
vt 0.004829 0.948635
vt 0.007594 1.000000
vt 0.004086 1.000000
vt -0.000000 0.967762
vt -0.000000 0.948635
vt 0.001938 1.000000
vt 0.945590 0.362924
vt 0.945967 0.367832
vt 0.950536 0.365779
vt 0.950029 0.360796
vt 0.952751 0.372942
vt 0.957846 0.359065
vt 0.955430 0.371395
vt 0.841844 0.551365
vt 0.838163 0.551365
vt 0.840927 0.500000
vt 0.832364 0.510855
vt 0.824822 0.551365
vt 0.824995 0.531708
vt 0.828504 0.551365
vt 0.452751 0.372942
vt 0.457846 0.367210
vt 0.824822 0.948635
vt 0.828820 0.968784
vt 0.824995 0.968292
vt 0.834302 0.989145
vt 0.841844 0.948635
vt 0.837846 0.968784
vt 0.838162 0.948635
vt 0.840927 1.000000
vt 0.945590 0.137076
vt 0.950029 0.139204
vt 0.950536 0.134221
vt 0.957846 0.132790
vt 0.675178 0.551365
vt 0.671179 0.531216
vt 0.665698 0.510855
vt 0.445590 0.137076
vt 0.445967 0.132168
vt 0.450536 0.134221
vt 0.450029 0.139204
vt 0.452751 0.127058
vt 0.457846 0.135883
vt 0.457846 0.140935
vt 0.455430 0.128605
vt 0.658156 0.948635
vt 0.662154 0.968784
vt 0.658328 0.968292
vt 0.667635 0.989145
vt 0.675178 0.948635
vt 0.675005 0.968292
vt 0.671179 0.968784
vt 0.671496 0.948635
vt 0.754062 0.021372
vt 0.745938 0.021372
vt 0.759470 0.015468
vt 0.744905 0.012942
vt 0.740530 0.015468
vt 0.752416 0.011395
vt 0.508511 0.551365
vt 0.504513 0.531216
vt 0.508338 0.531708
vt 0.499031 0.510855
vt 0.250000 0.024152
vt 0.254062 0.021372
vt 0.240530 0.015468
vt 0.255095 0.012942
vt 0.259470 0.015468
vt 0.247583 0.011395
vt 0.495171 0.948635
vt 0.491662 0.968292
vt 0.500969 0.989145
vt 0.508511 0.948635
vt 0.508338 0.968292
vt 0.504513 0.968784
vt 0.504829 0.948635
vt 0.554410 0.137076
vt 0.554033 0.132168
vt 0.549464 0.134221
vt 0.549971 0.139204
vt 0.551624 0.124532
vt 0.542154 0.135883
vt 0.542154 0.140935
vt 0.544570 0.128605
vt 0.341844 0.551365
vt 0.332364 0.510855
vt 0.324822 0.551365
vt 0.324995 0.531708
vt 0.328504 0.551365
vt 0.054410 0.137076
vt 0.049971 0.139204
vt 0.049464 0.134221
vt 0.054033 0.132168
vt 0.047249 0.127058
vt 0.051624 0.124532
vt 0.042154 0.132790
vt 0.324822 0.948635
vt 0.328504 0.948635
vt 0.328820 0.968784
vt 0.324995 0.968292
vt 0.334302 0.989145
vt 0.341844 0.948635
vt 0.338162 0.948635
vt 0.337419 1.000000
vt 0.554410 0.362924
vt 0.549971 0.360796
vt 0.549464 0.365779
vt 0.554033 0.367832
vt 0.547249 0.372942
vt 0.551624 0.375468
vt 0.542154 0.367210
vt 0.175178 0.551365
vt 0.171496 0.551365
vt 0.165698 0.510855
vt 0.054410 0.362924
vt 0.054033 0.367832
vt 0.049464 0.365779
vt 0.049971 0.360796
vt 0.051624 0.375468
vt 0.047249 0.372942
vt 0.044570 0.371395
vt 0.158155 0.948635
vt 0.162154 0.968784
vt 0.158328 0.968292
vt 0.167635 0.989145
vt 0.175178 0.948635
vt 0.175005 0.968292
vt 0.171179 0.968784
vt 0.171496 0.948635
vt 0.174260 1.000000
vt 0.170752 1.000000
s 1
usemtl Material.002
f 913/899/449 916/900/449 919/901/449 918/902/449
f 916/900/450 917/903/450 920/904/450 919/901/450
f 918/902/451 919/901/451 931/905/451 928/906/451
f 919/901/452 920/904/452 921/907/452 931/905/452
f 914/908/453 922/909/453 925/910/453 924/911/453
f 922/909/454 923/912/454 926/913/454 925/910/454
f 924/911/455 925/910/455 920/914/455 917/915/455
f 925/910/456 926/913/456 921/916/456 920/914/456
f 915/917/457 927/918/457 930/919/457 929/920/457
f 927/918/458 928/921/458 931/922/458 930/919/458
f 929/920/459 930/919/459 926/923/459 923/924/459
f 930/919/460 931/922/460 921/925/460 926/923/460
f 932/926/461 935/927/461 938/928/461 937/929/461
f 935/927/462 936/930/462 939/931/462 938/928/462
f 937/929/463 938/928/463 950/932/463 947/933/463
f 938/928/464 939/931/464 940/934/464 950/932/464
f 933/935/465 941/936/465 944/937/465 943/938/465
f 941/936/466 942/939/466 945/940/466 944/937/466
f 943/938/467 944/937/467 939/941/467 936/942/467
f 944/937/468 945/940/468 940/943/468 939/941/468
f 934/944/469 946/945/469 949/946/469 948/947/469
f 946/945/470 947/948/470 950/949/470 949/946/470
f 948/947/471 949/946/471 945/950/471 942/951/471
f 949/946/472 950/949/472 940/952/472 945/950/472
f 951/953/473 954/954/473 957/955/473 956/956/473
f 954/954/474 955/957/474 958/958/474 957/955/474
f 956/956/475 957/955/475 969/959/475 966/960/475
f 957/955/476 958/958/476 959/961/476 969/959/476
f 952/962/477 960/963/477 963/964/477 962/965/477
f 960/963/478 961/966/478 964/967/478 963/964/478
f 962/965/479 963/964/479 958/968/479 955/969/479
f 963/964/480 964/967/480 959/970/480 958/968/480
f 953/971/481 965/972/481 968/973/481 967/974/481
f 965/972/482 966/975/482 969/976/482 968/973/482
f 967/974/483 968/973/483 964/967/483 961/966/483
f 968/973/484 969/976/484 959/970/484 964/967/484
f 970/977/485 973/978/485 976/979/485 975/980/485
f 973/978/486 974/981/486 977/982/486 976/979/486
f 975/980/487 976/979/487 988/983/487 985/984/487
f 976/979/488 977/982/488 978/985/488 988/983/488
f 971/986/489 979/987/489 982/988/489 981/989/489
f 979/987/490 980/990/490 983/991/490 982/988/490
f 981/989/491 982/988/491 977/992/491 974/993/491
f 982/988/492 983/991/492 978/994/492 977/992/492
f 972/995/493 984/996/493 987/997/493 986/998/493
f 984/996/494 985/999/494 988/1000/494 987/997/494
f 986/998/495 987/997/495 983/991/495 980/990/495
f 987/997/496 988/1000/496 978/994/496 983/991/496
f 989/1001/497 992/1002/497 995/1003/497 994/1004/497
f 992/1002/498 993/1005/498 996/1006/498 995/1003/498
f 994/1004/499 995/1003/499 1007/1007/499 1004/1008/499
f 995/1003/500 996/1006/500 997/1009/500 1007/1007/500
f 990/1010/501 998/1011/501 1001/1012/501 1000/1013/501
f 998/1011/502 999/1014/502 1002/1015/502 1001/1012/502
f 1000/1013/503 1001/1012/503 996/1016/503 993/1017/503
f 1001/1012/504 1002/1015/504 997/1018/504 996/1016/504
f 991/1019/505 1003/1020/505 1006/1021/505 1005/1022/505
f 1003/1020/506 1004/1023/506 1007/1024/506 1006/1021/506
f 1005/1022/507 1006/1021/507 1002/1015/507 999/1014/507
f 1006/1021/508 1007/1024/508 997/1018/508 1002/1015/508
f 1008/1025/509 1011/1026/509 1014/1027/509 1013/1028/509
f 1011/1026/510 1012/1029/510 1015/1030/510 1014/1027/510
f 1013/1028/511 1014/1027/511 1026/1031/511 1023/1032/511
f 1014/1027/512 1015/1030/512 1016/1033/512 1026/1031/512
f 1009/1034/513 1017/1035/513 1020/1036/513 1019/1037/513
f 1017/1035/514 1018/1038/514 1021/1039/514 1020/1036/514
f 1019/1037/515 1020/1036/515 1015/1040/515 1012/1041/515
f 1020/1036/516 1021/1039/516 1016/1042/516 1015/1040/516
f 1010/1043/517 1022/1044/517 1025/1045/517 1024/1046/517
f 1022/1044/518 1023/1047/518 1026/1048/518 1025/1045/518
f 1024/1046/519 1025/1045/519 1021/1039/519 1018/1038/519
f 1025/1045/520 1026/1048/520 1016/1042/520 1021/1039/520
f 1027/1049/521 1030/1050/521 1033/1051/521 1032/1052/521
f 1030/1050/522 1031/1053/522 1034/1054/522 1033/1051/522
f 1032/1052/523 1033/1051/523 1045/1055/523 1042/1056/523
f 1033/1051/524 1034/1054/524 1035/1057/524 1045/1055/524
f 1028/1058/525 1036/1059/525 1039/1060/525 1038/1061/525
f 1036/1059/526 1037/1062/526 1040/1063/526 1039/1060/526
f 1038/1061/527 1039/1060/527 1034/1064/527 1031/1065/527
f 1039/1060/528 1040/1063/528 1035/1066/528 1034/1064/528
f 1029/1067/529 1041/1068/529 1044/1069/529 1043/1070/529
f 1041/1068/530 1042/1071/530 1045/1072/530 1044/1069/530
f 1043/1070/531 1044/1069/531 1040/1063/531 1037/1062/531
f 1044/1069/532 1045/1072/532 1035/1066/532 1040/1063/532
f 1046/1073/533 1049/1074/533 1052/1075/533 1051/1076/533
f 1049/1074/534 1050/1077/534 1053/1078/534 1052/1075/534
f 1051/1076/535 1052/1075/535 1064/1079/535 1061/1080/535
f 1052/1075/536 1053/1078/536 1054/1081/536 1064/1079/536
f 1047/1082/537 1055/1083/537 1058/1084/537 1057/1085/537
f 1055/1083/538 1056/1086/538 1059/1087/538 1058/1084/538
f 1057/1085/539 1058/1084/539 1053/1088/539 1050/1089/539
f 1058/1084/540 1059/1087/540 1054/1090/540 1053/1088/540
f 1048/1091/541 1060/1092/541 1063/1093/541 1062/1094/541
f 1060/1092/542 1061/1095/542 1064/1096/542 1063/1093/542
f 1062/1094/543 1063/1093/543 1059/1087/543 1056/1086/543
f 1063/1093/544 1064/1096/544 1054/1090/544 1059/1087/544
f 1065/1097/545 1068/1098/545 1071/1099/545 1070/1100/545
f 1068/1098/546 1069/1101/546 1072/1102/546 1071/1099/546
f 1070/1100/547 1071/1099/547 1083/1103/547 1080/1104/547
f 1071/1099/548 1072/1102/548 1073/1105/548 1083/1103/548
f 1066/1106/549 1074/1107/549 1077/1108/549 1076/1109/549
f 1074/1107/550 1075/1110/550 1078/1111/550 1077/1108/550
f 1076/1109/551 1077/1108/551 1072/1112/551 1069/1113/551
f 1077/1108/552 1078/1111/552 1073/1114/552 1072/1112/552
f 1067/1115/553 1079/1116/553 1082/1117/553 1081/1118/553
f 1079/1116/554 1080/1119/554 1083/1120/554 1082/1117/554
f 1081/1118/555 1082/1117/555 1078/1111/555 1075/1110/555
f 1082/1117/556 1083/1120/556 1073/1114/556 1078/1111/556
f 1084/1121/557 1087/1122/557 1090/1123/557 1089/1124/557
f 1087/1122/558 1088/1125/558 1091/1126/558 1090/1123/558
f 1089/1124/559 1090/1123/559 1102/1127/559 1099/1128/559
f 1090/1123/560 1091/1126/560 1092/1129/560 1102/1127/560
f 1085/1130/561 1093/1131/561 1096/1132/561 1095/1133/561
f 1093/1131/562 1094/1134/562 1097/1135/562 1096/1132/562
f 1095/1133/563 1096/1132/563 1091/1136/563 1088/1137/563
f 1096/1132/564 1097/1135/564 1092/1138/564 1091/1136/564
f 1086/1139/565 1098/1140/565 1101/1141/565 1100/1142/565
f 1098/1140/566 1099/1143/566 1102/1144/566 1101/1141/566
f 1100/1142/567 1101/1141/567 1097/1135/567 1094/1134/567
f 1101/1141/568 1102/1144/568 1092/1138/568 1097/1135/568
f 1103/1145/569 1106/1146/569 1109/1147/569 1108/1148/569
f 1106/1146/570 1107/1149/570 1110/1150/570 1109/1147/570
f 1108/1148/571 1109/1147/571 1121/1151/571 1118/1152/571
f 1109/1147/572 1110/1150/572 1111/1153/572 1121/1151/572
f 1104/1154/573 1112/1155/573 1115/1156/573 1114/1157/573
f 1112/1155/574 1113/1158/574 1116/1159/574 1115/1156/574
f 1114/1157/575 1115/1156/575 1110/1160/575 1107/1161/575
f 1115/1156/576 1116/1159/576 1111/1162/576 1110/1160/576
f 1105/1163/577 1117/1164/577 1120/1165/577 1119/1166/577
f 1117/1164/578 1118/1167/578 1121/1168/578 1120/1165/578
f 1119/1166/579 1120/1165/579 1116/1159/579 1113/1158/579
f 1120/1165/580 1121/1168/580 1111/1162/580 1116/1159/580
f 1122/1169/581 1125/1170/581 1128/1171/581 1127/1172/581
f 1125/1170/582 1126/1173/582 1129/1174/582 1128/1171/582
f 1127/1172/583 1128/1171/583 1140/1175/583 1137/1176/583
f 1128/1171/584 1129/1174/584 1130/1177/584 1140/1175/584
f 1123/1178/585 1131/1179/585 1134/1180/585 1133/1181/585
f 1131/1179/586 1132/1182/586 1135/1183/586 1134/1180/586
f 1133/1181/587 1134/1180/587 1129/1184/587 1126/1185/587
f 1134/1180/588 1135/1183/588 1130/1186/588 1129/1184/588
f 1124/1187/589 1136/1188/589 1139/1189/589 1138/1190/589
f 1136/1188/590 1137/1191/590 1140/1192/590 1139/1189/590
f 1138/1190/591 1139/1189/591 1135/1183/591 1132/1182/591
f 1139/1189/592 1140/1192/592 1130/1186/592 1135/1183/592
f 1141/899/533 1144/902/533 1147/901/533 1146/900/533
f 1144/902/534 1145/1193/534 1148/905/534 1147/901/534
f 1146/900/535 1147/901/535 1159/1194/535 1156/1195/535
f 1147/901/536 1148/905/536 1149/1196/536 1159/1194/536
f 1142/1197/537 1150/1198/537 1153/1199/537 1152/1200/537
f 1150/1198/538 1151/924/538 1154/923/538 1153/1199/538
f 1152/1200/539 1153/1199/539 1148/922/539 1145/1201/539
f 1153/1199/540 1154/923/540 1149/1202/540 1148/922/540
f 1143/908/541 1155/911/541 1158/1203/541 1157/909/541
f 1155/911/542 1156/915/542 1159/914/542 1158/1203/542
f 1157/909/543 1158/1203/543 1154/913/543 1151/912/543
f 1158/1203/544 1159/914/544 1149/1204/544 1154/913/544
f 1160/926/521 1163/1205/521 1166/1206/521 1165/927/521
f 1163/1205/522 1164/1207/522 1167/932/522 1166/1206/522
f 1165/927/523 1166/1206/523 1178/1208/523 1175/1209/523
f 1166/1206/524 1167/932/524 1168/1210/524 1178/1208/524
f 1161/944/525 1169/947/525 1172/946/525 1171/1211/525
f 1169/947/526 1170/1212/526 1173/950/526 1172/946/526
f 1171/1211/527 1172/946/527 1167/949/527 1164/948/527
f 1172/946/528 1173/950/528 1168/1213/528 1167/949/528
f 1162/1214/529 1174/1215/529 1177/1216/529 1176/1217/529
f 1174/1215/530 1175/1218/530 1178/1219/530 1177/1216/530
f 1176/1217/531 1177/1216/531 1173/1220/531 1170/1221/531
f 1177/1216/532 1178/1219/532 1168/1222/532 1173/1220/532
f 1179/1223/557 1182/1224/557 1185/1225/557 1184/1226/557
f 1182/1224/558 1183/960/558 1186/1227/558 1185/1225/558
f 1184/1226/559 1185/1225/559 1197/958/559 1194/1228/559
f 1185/1225/560 1186/1227/560 1187/1229/560 1197/958/560
f 1180/1230/561 1188/1231/561 1191/973/561 1190/972/561
f 1188/1231/562 1189/966/562 1192/967/562 1191/973/562
f 1190/972/563 1191/973/563 1186/976/563 1183/1232/563
f 1191/973/564 1192/967/564 1187/1233/564 1186/976/564
f 1181/1234/565 1193/1235/565 1196/964/565 1195/1236/565
f 1193/1235/566 1194/969/566 1197/968/566 1196/964/566
f 1195/1236/567 1196/964/567 1192/967/567 1189/966/567
f 1196/964/568 1197/968/568 1187/1233/568 1192/967/568
f 1198/977/545 1201/980/545 1204/979/545 1203/978/545
f 1201/980/546 1202/984/546 1205/983/546 1204/979/546
f 1203/978/547 1204/979/547 1216/1237/547 1213/981/547
f 1204/979/548 1205/983/548 1206/1238/548 1216/1237/548
f 1199/1239/549 1207/998/549 1210/1240/549 1209/1241/549
f 1207/998/550 1208/990/550 1211/991/550 1210/1240/550
f 1209/1241/551 1210/1240/551 1205/1000/551 1202/999/551
f 1210/1240/552 1211/991/552 1206/1242/552 1205/1000/552
f 1200/1243/553 1212/989/553 1215/1244/553 1214/1245/553
f 1212/989/554 1213/1246/554 1216/992/554 1215/1244/554
f 1214/1245/555 1215/1244/555 1211/991/555 1208/990/555
f 1215/1244/556 1216/992/556 1206/1242/556 1211/991/556
f 1217/1247/581 1220/1248/581 1223/1249/581 1222/1002/581
f 1220/1248/582 1221/1008/582 1224/1007/582 1223/1249/582
f 1222/1002/583 1223/1249/583 1235/1006/583 1232/1005/583
f 1223/1249/584 1224/1007/584 1225/1250/584 1235/1006/584
f 1218/1251/585 1226/1022/585 1229/1252/585 1228/1020/585
f 1226/1022/586 1227/1014/586 1230/1015/586 1229/1252/586
f 1228/1020/587 1229/1252/587 1224/1024/587 1221/1023/587
f 1229/1252/588 1230/1015/588 1225/1253/588 1224/1024/588
f 1219/1010/589 1231/1013/589 1234/1012/589 1233/1011/589
f 1231/1013/590 1232/1017/590 1235/1016/590 1234/1012/590
f 1233/1011/591 1234/1012/591 1230/1015/591 1227/1014/591
f 1234/1012/592 1235/1016/592 1225/1253/592 1230/1015/592
f 1236/1254/569 1239/1255/569 1242/1256/569 1241/1257/569
f 1239/1255/570 1240/1032/570 1243/1258/570 1242/1256/570
f 1241/1257/571 1242/1256/571 1254/1259/571 1251/1260/571
f 1242/1256/572 1243/1258/572 1244/1261/572 1254/1259/572
f 1237/1262/573 1245/1046/573 1248/1263/573 1247/1264/573
f 1245/1046/574 1246/1038/574 1249/1039/574 1248/1263/574
f 1247/1264/575 1248/1263/575 1243/1048/575 1240/1047/575
f 1248/1263/576 1249/1039/576 1244/1265/576 1243/1048/576
f 1238/1266/577 1250/1267/577 1253/1268/577 1252/1269/577
f 1250/1267/578 1251/1041/578 1254/1040/578 1253/1268/578
f 1252/1269/579 1253/1268/579 1249/1039/579 1246/1038/579
f 1253/1268/580 1254/1040/580 1244/1265/580 1249/1039/580
f 1255/1049/461 1258/1270/461 1261/1051/461 1260/1271/461
f 1258/1270/462 1259/1272/462 1262/1055/462 1261/1051/462
f 1260/1271/463 1261/1051/463 1273/1273/463 1270/1274/463
f 1261/1051/464 1262/1055/464 1263/1275/464 1273/1273/464
f 1256/1276/465 1264/1070/465 1267/1277/465 1266/1278/465
f 1264/1070/466 1265/1062/466 1268/1063/466 1267/1277/466
f 1266/1278/467 1267/1277/467 1262/1072/467 1259/1071/467
f 1267/1277/468 1268/1063/468 1263/1279/468 1262/1072/468
f 1257/1058/469 1269/1061/469 1272/1060/469 1271/1059/469
f 1269/1061/470 1270/1065/470 1273/1064/470 1272/1060/470
f 1271/1059/471 1272/1060/471 1268/1063/471 1265/1062/471
f 1272/1060/472 1273/1064/472 1263/1279/472 1268/1063/472
f 1274/1280/449 1277/1076/449 1280/1075/449 1279/1281/449
f 1277/1076/450 1278/1282/450 1281/1079/450 1280/1075/450
f 1279/1281/451 1280/1075/451 1292/1283/451 1289/1284/451
f 1280/1075/452 1281/1079/452 1282/1285/452 1292/1283/452
f 1275/1091/453 1283/1286/453 1286/1093/453 1285/1287/453
f 1283/1286/454 1284/1086/454 1287/1087/454 1286/1093/454
f 1285/1287/455 1286/1093/455 1281/1096/455 1278/1095/455
f 1286/1093/456 1287/1087/456 1282/1288/456 1281/1096/456
f 1276/1289/457 1288/1290/457 1291/1291/457 1290/1292/457
f 1288/1290/458 1289/1089/458 1292/1088/458 1291/1291/458
f 1290/1292/459 1291/1291/459 1287/1087/459 1284/1086/459
f 1291/1291/460 1292/1088/460 1282/1288/460 1287/1087/460
f 1293/1293/485 1296/1294/485 1299/1295/485 1298/1296/485
f 1296/1294/486 1297/1297/486 1300/1103/486 1299/1295/486
f 1298/1296/487 1299/1295/487 1311/1298/487 1308/1299/487
f 1299/1295/488 1300/1103/488 1301/1300/488 1311/1298/488
f 1294/1301/489 1302/1118/489 1305/1117/489 1304/1116/489
f 1302/1118/490 1303/1110/490 1306/1111/490 1305/1117/490
f 1304/1116/491 1305/1117/491 1300/1120/491 1297/1119/491
f 1305/1117/492 1306/1111/492 1301/1302/492 1300/1120/492
f 1295/1303/493 1307/1304/493 1310/1108/493 1309/1305/493
f 1307/1304/494 1308/1113/494 1311/1112/494 1310/1108/494
f 1309/1305/495 1310/1108/495 1306/1111/495 1303/1110/495
f 1310/1108/496 1311/1112/496 1301/1302/496 1306/1111/496
f 1312/1306/473 1315/1307/473 1318/1308/473 1317/1309/473
f 1315/1307/474 1316/1128/474 1319/1127/474 1318/1308/474
f 1317/1309/475 1318/1308/475 1330/1310/475 1327/1311/475
f 1318/1308/476 1319/1127/476 1320/1312/476 1330/1310/476
f 1313/1313/477 1321/1314/477 1324/1315/477 1323/1316/477
f 1321/1314/478 1322/1134/478 1325/1135/478 1324/1315/478
f 1323/1316/479 1324/1315/479 1319/1144/479 1316/1143/479
f 1324/1315/480 1325/1135/480 1320/1317/480 1319/1144/480
f 1314/1318/481 1326/1133/481 1329/1132/481 1328/1319/481
f 1326/1133/482 1327/1137/482 1330/1320/482 1329/1132/482
f 1328/1319/483 1329/1132/483 1325/1135/483 1322/1134/483
f 1329/1132/484 1330/1320/484 1320/1317/484 1325/1135/484
f 1331/1321/509 1334/1322/509 1337/1323/509 1336/1324/509
f 1334/1322/510 1335/1152/510 1338/1151/510 1337/1323/510
f 1336/1324/511 1337/1323/511 1349/1325/511 1346/1326/511
f 1337/1323/512 1338/1151/512 1339/1327/512 1349/1325/512
f 1332/1328/513 1340/1329/513 1343/1165/513 1342/1164/513
f 1340/1329/514 1341/1158/514 1344/1159/514 1343/1165/514
f 1342/1164/515 1343/1165/515 1338/1168/515 1335/1167/515
f 1343/1165/516 1344/1159/516 1339/1330/516 1338/1168/516
f 1333/1154/517 1345/1157/517 1348/1156/517 1347/1155/517
f 1345/1157/518 1346/1161/518 1349/1160/518 1348/1156/518
f 1347/1155/519 1348/1156/519 1344/1159/519 1341/1158/519
f 1348/1156/520 1349/1160/520 1339/1330/520 1344/1159/520
f 1350/1331/497 1353/1332/497 1356/1333/497 1355/1334/497
f 1353/1332/498 1354/1335/498 1357/1336/498 1356/1333/498
f 1355/1334/499 1356/1333/499 1368/1174/499 1365/1173/499
f 1356/1333/500 1357/1336/500 1358/1337/500 1368/1174/500
f 1351/1338/501 1359/1190/501 1362/1339/501 1361/1340/501
f 1359/1190/502 1360/1182/502 1363/1183/502 1362/1339/502
f 1361/1340/503 1362/1339/503 1357/1192/503 1354/1191/503
f 1362/1339/504 1363/1183/504 1358/1341/504 1357/1192/504
f 1352/1342/505 1364/1343/505 1367/1344/505 1366/1345/505
f 1364/1343/506 1365/1346/506 1368/1347/506 1367/1344/506
f 1366/1345/507 1367/1344/507 1363/1183/507 1360/1182/507
f 1367/1344/508 1368/1347/508 1358/1341/508 1363/1183/508
f 913/899/593 951/953/593 956/956/593 916/900/593
f 916/900/594 956/956/594 966/960/594 917/903/594
f 917/915/595 966/975/595 965/972/595 924/911/595
f 924/911/596 965/972/596 953/971/596 914/908/596
f 970/977/597 932/926/597 937/929/597 973/978/597
f 973/978/598 937/929/598 947/933/598 974/981/598
f 974/993/599 947/948/599 946/945/599 981/989/599
f 981/989/600 946/945/600 934/944/600 971/986/600
f 914/908/601 934/944/601 948/947/601 922/909/601
f 922/909/602 948/947/602 942/951/602 923/912/602
f 923/924/603 942/939/603 941/936/603 929/920/603
f 929/920/604 941/936/604 933/935/604 915/917/604
f 971/986/605 953/971/605 967/974/605 979/987/605
f 979/987/606 967/974/606 961/966/606 980/990/606
f 980/990/607 961/966/607 960/963/607 986/998/607
f 986/998/608 960/963/608 952/962/608 972/995/608
f 951/953/609 989/1001/609 994/1004/609 954/954/609
f 954/954/610 994/1004/610 1004/1008/610 955/957/610
f 955/969/611 1004/1023/611 1003/1020/611 962/965/611
f 962/965/612 1003/1020/612 991/1019/612 952/962/612
f 1008/1025/613 970/977/613 975/980/613 1011/1026/613
f 1011/1026/614 975/980/614 985/984/614 1012/1029/614
f 1012/1041/615 985/999/615 984/996/615 1019/1037/615
f 1019/1037/616 984/996/616 972/995/616 1009/1034/616
f 1009/1034/617 991/1019/617 1005/1022/617 1017/1035/617
f 1017/1035/618 1005/1022/618 999/1014/618 1018/1038/618
f 1018/1038/619 999/1014/619 998/1011/619 1024/1046/619
f 1024/1046/620 998/1011/620 990/1010/620 1010/1043/620
f 989/1001/621 1027/1049/621 1032/1052/621 992/1002/621
f 992/1002/622 1032/1052/622 1042/1056/622 993/1005/622
f 993/1017/623 1042/1071/623 1041/1068/623 1000/1013/623
f 1000/1013/624 1041/1068/624 1029/1067/624 990/1010/624
f 1046/1073/625 1008/1025/625 1013/1028/625 1049/1074/625
f 1049/1074/626 1013/1028/626 1023/1032/626 1050/1077/626
f 1050/1089/627 1023/1047/627 1022/1044/627 1057/1085/627
f 1057/1085/628 1022/1044/628 1010/1043/628 1047/1082/628
f 1047/1082/629 1029/1067/629 1043/1070/629 1055/1083/629
f 1055/1083/630 1043/1070/630 1037/1062/630 1056/1086/630
f 1056/1086/631 1037/1062/631 1036/1059/631 1062/1094/631
f 1062/1094/632 1036/1059/632 1028/1058/632 1048/1091/632
f 1027/1049/633 1065/1097/633 1070/1100/633 1030/1050/633
f 1030/1050/634 1070/1100/634 1080/1104/634 1031/1053/634
f 1031/1065/635 1080/1119/635 1079/1116/635 1038/1061/635
f 1038/1061/636 1079/1116/636 1067/1115/636 1028/1058/636
f 1084/1121/637 1046/1073/637 1051/1076/637 1087/1122/637
f 1087/1122/638 1051/1076/638 1061/1080/638 1088/1125/638
f 1088/1137/639 1061/1095/639 1060/1092/639 1095/1133/639
f 1095/1133/640 1060/1092/640 1048/1091/640 1085/1130/640
f 1085/1130/641 1067/1115/641 1081/1118/641 1093/1131/641
f 1093/1131/642 1081/1118/642 1075/1110/642 1094/1134/642
f 1094/1134/643 1075/1110/643 1074/1107/643 1100/1142/643
f 1100/1142/644 1074/1107/644 1066/1106/644 1086/1139/644
f 1065/1097/645 1103/1145/645 1108/1148/645 1068/1098/645
f 1068/1098/646 1108/1148/646 1118/1152/646 1069/1101/646
f 1069/1113/647 1118/1167/647 1117/1164/647 1076/1109/647
f 1076/1109/648 1117/1164/648 1105/1163/648 1066/1106/648
f 1122/1169/649 1084/1121/649 1089/1124/649 1125/1170/649
f 1125/1170/650 1089/1124/650 1099/1128/650 1126/1173/650
f 1126/1185/651 1099/1143/651 1098/1140/651 1133/1181/651
f 1133/1181/652 1098/1140/652 1086/1139/652 1123/1178/652
f 1123/1178/653 1105/1163/653 1119/1166/653 1131/1179/653
f 1131/1179/654 1119/1166/654 1113/1158/654 1132/1182/654
f 1132/1182/655 1113/1158/655 1112/1155/655 1138/1190/655
f 1138/1190/656 1112/1155/656 1104/1154/656 1124/1187/656
f 1103/1145/657 913/899/657 918/902/657 1106/1146/657
f 1106/1146/658 918/902/658 928/906/658 1107/1149/658
f 1107/1161/659 928/921/659 927/918/659 1114/1157/659
f 1114/1157/660 927/918/660 915/917/660 1104/1154/660
f 932/926/661 1122/1169/661 1127/1172/661 935/927/661
f 935/927/662 1127/1172/662 1137/1176/662 936/930/662
f 936/942/663 1137/1191/663 1136/1188/663 943/938/663
f 943/938/664 1136/1188/664 1124/1187/664 933/935/664
f 1143/908/640 1180/1230/640 1190/972/640 1155/911/640
f 1155/911/639 1190/972/639 1183/1232/639 1156/915/639
f 1156/1195/638 1183/960/638 1182/1224/638 1146/900/638
f 1146/900/637 1182/1224/637 1179/1223/637 1141/899/637
f 1200/1243/636 1161/944/636 1171/1211/636 1212/989/636
f 1212/989/635 1171/1211/635 1164/948/635 1213/1246/635
f 1213/981/634 1164/1207/634 1163/1205/634 1203/978/634
f 1203/978/633 1163/1205/633 1160/926/633 1198/977/633
f 1142/1197/629 1162/1214/629 1176/1217/629 1150/1198/629
f 1150/1198/630 1176/1217/630 1170/1221/630 1151/924/630
f 1151/912/631 1170/1212/631 1169/947/631 1157/909/631
f 1157/909/632 1169/947/632 1161/944/632 1143/908/632
f 1199/1239/644 1181/1234/644 1195/1236/644 1207/998/644
f 1207/998/643 1195/1236/643 1189/966/643 1208/990/643
f 1208/990/642 1189/966/642 1188/1231/642 1214/1245/642
f 1214/1245/641 1188/1231/641 1180/1230/641 1200/1243/641
f 1181/1234/652 1218/1251/652 1228/1020/652 1193/1235/652
f 1193/1235/651 1228/1020/651 1221/1023/651 1194/969/651
f 1194/1228/650 1221/1008/650 1220/1248/650 1184/1226/650
f 1184/1226/649 1220/1248/649 1217/1247/649 1179/1223/649
f 1238/1266/648 1199/1239/648 1209/1241/648 1250/1267/648
f 1250/1267/647 1209/1241/647 1202/999/647 1251/1041/647
f 1251/1260/646 1202/984/646 1201/980/646 1241/1257/646
f 1241/1257/645 1201/980/645 1198/977/645 1236/1254/645
f 1237/1262/656 1219/1010/656 1233/1011/656 1245/1046/656
f 1245/1046/655 1233/1011/655 1227/1014/655 1246/1038/655
f 1246/1038/654 1227/1014/654 1226/1022/654 1252/1269/654
f 1252/1269/653 1226/1022/653 1218/1251/653 1238/1266/653
f 1219/1010/664 1256/1276/664 1266/1278/664 1231/1013/664
f 1231/1013/663 1266/1278/663 1259/1071/663 1232/1017/663
f 1232/1005/662 1259/1272/662 1258/1270/662 1222/1002/662
f 1222/1002/661 1258/1270/661 1255/1049/661 1217/1247/661
f 1276/1289/660 1237/1262/660 1247/1264/660 1288/1290/660
f 1288/1290/659 1247/1264/659 1240/1047/659 1289/1089/659
f 1289/1284/658 1240/1032/658 1239/1255/658 1279/1281/658
f 1279/1281/657 1239/1255/657 1236/1254/657 1274/1280/657
f 1275/1091/601 1257/1058/601 1271/1059/601 1283/1286/601
f 1283/1286/602 1271/1059/602 1265/1062/602 1284/1086/602
f 1284/1086/603 1265/1062/603 1264/1070/603 1290/1292/603
f 1290/1292/604 1264/1070/604 1256/1276/604 1276/1289/604
f 1257/1058/600 1294/1301/600 1304/1116/600 1269/1061/600
f 1269/1061/599 1304/1116/599 1297/1119/599 1270/1065/599
f 1270/1274/598 1297/1297/598 1296/1294/598 1260/1271/598
f 1260/1271/597 1296/1294/597 1293/1293/597 1255/1049/597
f 1314/1318/596 1275/1091/596 1285/1287/596 1326/1133/596
f 1326/1133/595 1285/1287/595 1278/1095/595 1327/1137/595
f 1327/1311/594 1278/1282/594 1277/1076/594 1317/1309/594
f 1317/1309/593 1277/1076/593 1274/1280/593 1312/1306/593
f 1313/1313/608 1295/1303/608 1309/1305/608 1321/1314/608
f 1321/1314/607 1309/1305/607 1303/1110/607 1322/1134/607
f 1322/1134/606 1303/1110/606 1302/1118/606 1328/1319/606
f 1328/1319/605 1302/1118/605 1294/1301/605 1314/1318/605
f 1295/1303/616 1332/1328/616 1342/1164/616 1307/1304/616
f 1307/1304/615 1342/1164/615 1335/1167/615 1308/1113/615
f 1308/1299/614 1335/1152/614 1334/1322/614 1298/1296/614
f 1298/1296/613 1334/1322/613 1331/1321/613 1293/1293/613
f 1352/1342/612 1313/1313/612 1323/1316/612 1364/1343/612
f 1364/1343/611 1323/1316/611 1316/1143/611 1365/1346/611
f 1365/1173/610 1316/1128/610 1315/1307/610 1355/1334/610
f 1355/1334/609 1315/1307/609 1312/1306/609 1350/1331/609
f 1351/1338/620 1333/1154/620 1347/1155/620 1359/1190/620
f 1359/1190/619 1347/1155/619 1341/1158/619 1360/1182/619
f 1360/1182/618 1341/1158/618 1340/1329/618 1366/1345/618
f 1366/1345/617 1340/1329/617 1332/1328/617 1352/1342/617
f 1333/1154/628 1142/1197/628 1152/1200/628 1345/1157/628
f 1345/1157/627 1152/1200/627 1145/1201/627 1346/1161/627
f 1346/1326/626 1145/1193/626 1144/902/626 1336/1324/626
f 1336/1324/625 1144/902/625 1141/899/625 1331/1321/625
f 1162/1214/624 1351/1338/624 1361/1340/624 1174/1215/624
f 1174/1215/623 1361/1340/623 1354/1191/623 1175/1218/623
f 1175/1209/622 1354/1335/622 1353/1332/622 1165/927/622
f 1165/927/621 1353/1332/621 1350/1331/621 1160/926/621
f 913/899/665 1103/1145/665 1065/1097/665 1027/1049/665 989/1001/665 951/953/665
f 914/908/666 953/971/666 971/986/666 934/944/666
f 1104/1154/667 915/917/667 933/935/667 1124/1187/667
f 970/977/668 1008/1025/668 1046/1073/668 1084/1121/668 1122/1169/668 932/926/668
f 952/962/669 991/1019/669 1009/1034/669 972/995/669
f 990/1010/670 1029/1067/670 1047/1082/670 1010/1043/670
f 1028/1058/671 1067/1115/671 1085/1130/671 1048/1091/671
f 1066/1106/672 1105/1163/672 1123/1178/672 1086/1139/672
f 1141/899/668 1179/1223/668 1217/1247/668 1255/1049/668 1293/1293/668 1331/1321/668
f 1143/908/671 1161/944/671 1200/1243/671 1180/1230/671
f 1333/1154/670 1351/1338/670 1162/1214/670 1142/1197/670
f 1198/977/665 1160/926/665 1350/1331/665 1312/1306/665 1274/1280/665 1236/1254/665
f 1181/1234/672 1199/1239/672 1238/1266/672 1218/1251/672
f 1219/1010/667 1237/1262/667 1276/1289/667 1256/1276/667
f 1257/1058/666 1275/1091/666 1314/1318/666 1294/1301/666
f 1295/1303/669 1313/1313/669 1352/1342/669 1332/1328/669
